Month,"Electricity Net Generation From Coal, Electric Power Sector","Electricity Net Generation From Petroleum, Electric Power Sector","Electricity Net Generation From Natural Gas, Electric Power Sector","Electricity Net Generation From Other Gases, Electric Power Sector","Electricity Net Generation From Nuclear Electric Power, Electric Power Sector","Electricity Net Generation From Conventional Hydroelectric Power, Electric Power Sector","Electricity Net Generation From Wood, Electric Power Sector","Electricity Net Generation From Waste, Electric Power Sector","Electricity Net Generation From Geothermal, Electric Power Sector","Electricity Net Generation From Solar, Electric Power Sector","Electricity Net Generation From Wind, Electric Power Sector","Electricity Net Generation Total, Electric Power Sector"
1973 January,75190.149,31183.619,21184.967,0,6246.251,25944.364,5.157,15.152,143.49,0,0,159913.15
1973 February,67797.946,26086.952,20252.525,0,5928.069,23031.167,15.138,13.874,131.171,0,0,143256.841
1973 March,67387.612,24033.245,24043.248,0,6649.007,25562.643,17.94,16.913,135.938,0,0,147846.547
1973 April,63935.049,20195.424,25030.266,0,5876.392,24072.596,6.323,16.771,158.705,0,0,139291.526
1973 May,64927.181,21741.975,29755.984,0,5696.657,24793.222,4.589,20.209,147.965,0,0,147087.783
1973 June,69592.039,25999.512,34627.356,0,6784.152,23752.076,3.707,16.938,169.654,0,0,160945.434
1973 July,75988.308,28728.259,39171.261,0,6960.486,22418.901,3.821,16.409,179.895,0,0,173467.339
1973 August,78365.191,30745.665,38890.546,0,7785.326,21119.68,15.159,17.704,169.592,0,0,177108.863
1973 September,71304.493,27109.009,33118.166,0,7862.383,17076.411,19.924,17.158,143.622,0,0,156651.165
1973 October,70104.344,27224.244,30688.93,0,7518.195,18210.551,18.564,19.288,169.452,0,0,153953.568
1973 November,69706.997,26124.562,23717.377,0,8142.033,19984.267,9.174,14.526,181.805,0,0,147880.743
1973 December,73352.161,25170.459,20377.565,0,8030.511,26117.573,10.907,12.949,234.424,0,0,153306.551
1974 January,73631.774,26198.955,20728.02,0,7602.79,28861.101,10.676,14.536,206.282,0,0,157254.133
1974 February,66116.767,22564.916,18941.924,0,8115.522,26535.505,3.687,13.603,182.051,0,0,142473.976
1974 March,67746.788,22136.383,23628.456,0,8777.497,27533.955,3.404,14.17,207.322,0,0,150047.975
1974 April,62866.281,19940.913,24029.361,0,7128.892,27836.249,10.355,13.612,195.253,0,0,142020.915
1974 May,67789.4,22682.163,28325.25,0,6562.335,27935.041,11.103,12.366,195.399,0,0,153513.056
1974 June,67470.507,23064.936,31727.856,0,7079.595,26602.01,9.564,17.154,189.133,0,0,156160.756
1974 July,76361.27,27725.762,37214.571,0,10209.908,26250.21,0.466,19.907,209.804,0,0,177991.897
1974 August,74759.54,27201.402,35350.593,0,12333.452,24005.689,2.967,18.074,207.135,0,0,173878.851
1974 September,65266.997,25047.795,29348.424,0,11009.752,21345.072,11.63,17.539,191.428,0,0,152238.636
1974 October,66953.772,25701.39,28263.526,0,10863.505,19985.16,1.738,14.972,194.383,0,0,151978.447
1974 November,66996.029,27758.192,22735.948,0,11004.327,21102.039,1.86,14.81,231.149,0,0,149844.354
1974 December,72473.794,30907.732,19771.16,0,13288.168,23040.135,1.072,11.411,243.295,0,0,159736.766
1975 January,74836.043,30632.234,19689.283,0,13938.354,25011.443,0.738,13.481,203.434,0,0,164325.01
1975 February,67285.094,24923.842,18049.671,0,12733.338,23885.821,1.018,10.864,193.978,0,0,147083.625
1975 March,69176.492,23122.664,20098.711,0,14881.784,27970.111,0.588,11.925,218.817,0,0,155481.091
1975 April,64453.298,21257.994,20323.206,0,13327.245,26624.339,0.195,11.265,219.194,0,0,146216.736
1975 May,64741.073,21050.282,25707.482,0,13763.765,27713.373,0.897,16.63,237.853,0,0,153231.356
1975 June,70346.207,23062.398,28830.399,0,12743.82,27142.779,2.721,18.527,295.063,0,0,162441.914
1975 July,76294.723,25132.477,34181.9,0,15372.216,25521.546,0.366,15.674,297.005,0,0,176815.907
1975 August,78882.011,27957.786,34041.236,0,15879.687,22612.189,1.506,17.748,322.05,0,0,179714.213
1975 September,68558.859,21426.066,30020.384,0,14396.011,20519.408,3.089,15.14,283.868,0,0,155222.825
1975 October,69042.72,21994.709,26300.474,0,14626.168,22638.919,2.9,15.509,327.31,0,0,154948.708
1975 November,70424.195,21614.561,21829.846,0,14164.018,24429.203,1.844,13.517,318.052,0,0,152795.235
1975 December,78745.507,26919.888,20705.816,0,16678.669,25977.509,1.689,13.289,329.548,0,0,169371.915
1976 January,83690.963,32230.754,19894.883,0,16098.884,26069.875,2.121,13.472,328.068,0,0,178329.02
1976 February,73516.196,24782.98,19163.451,0,14377.127,24520.505,1.858,13.099,308.483,0,0,156683.698
1976 March,76553.69,25436.579,21282.392,0,13992.977,26562.676,2.54,13.176,330.3,0,0,164174.331
1976 April,72559.403,23310.448,21867.164,0,10981.808,24136.743,2.203,12.176,297.457,0,0,153167.401
1976 May,72499.188,21806.959,25318.846,0,11929.39,25516.08,2.403,12.95,284.292,0,0,157370.108
1976 June,76925.845,25116.695,29715.292,0,15757.435,25562.829,2.887,15.519,295.294,0,0,173391.795
1976 July,83279.641,27011.425,32031.884,0,17708.727,26063.839,0.955,18.353,319.188,0,0,186434.013
1976 August,84206.526,28262.962,31393.084,0,18362.58,23842.603,2.946,18.515,314.275,0,0,186403.492
1976 September,75369.701,23621.906,28057.948,0,17290.311,20368.071,5.491,15.879,305.847,0,0,165035.154
1976 October,76932.19,24189.65,23909.086,0,17355.218,21040.912,5.042,16.784,297.154,0,0,163746.035
1976 November,81668.738,30074.971,21110.511,0,16134.204,19803.803,25.731,16.437,250.369,0,0,169084.765
1976 December,87188.912,34142.807,20879.37,0,21114.871,20219.118,30.209,15.717,285.681,0,0,183876.685
1977 January,89829.161,43378.623,19952.66,0,22152.064,20700.335,35.268,14.005,309.738,0,0,196371.854
1977 February,78734.95,29446.474,19480.517,0,19600.518,15149.846,39.087,12.481,270.536,0,0,162734.411
1977 March,77492.179,28368.708,22467.119,0,20672.203,19800.768,35.02,13.95,306.644,0,0,169156.59
1977 April,70866.254,25862.144,21296.921,0,19866.564,18642.068,31.562,14.222,273.459,0,0,156853.193
1977 May,77049.033,27963.903,24701.328,0,20599.284,18676.935,31.192,14.84,295.233,0,0,169331.747
1977 June,83116.515,28970.658,29621.145,0,21517.301,17226.222,30.069,14.904,290.299,0,0,180787.113
1977 July,92372.785,34893.219,32712.543,0,21824.835,16798.743,3.421,17.073,307.065,0,0,198929.684
1977 August,90730.454,32326.169,33290.504,0,22749.668,16712.186,19.466,16.463,281.44,0,0,196126.351
1977 September,82564.552,26365.748,30937.59,0,19629.992,16424.737,24.439,16.492,301.267,0,0,176264.818
1977 October,79382.484,23073.922,27355.603,0,19041.045,17188.933,27.979,16.679,315.065,0,0,166401.711
1977 November,79467.834,24862.747,22565.612,0,19458.412,20397.541,19.617,10.76,316.511,0,0,167099.034
1977 December,83612.396,32666.506,21123.315,0,23771.398,22756.199,10.515,11.401,315.079,0,0,184266.809
1978 January,85005.951,39264.223,22309.743,0,25832.949,25065.93,23.622,11.907,321.005,0,0,197835.33
1978 February,70569.646,38212.55,20370.197,0,21832.5,22210.736,22.747,10.607,275.46,0,0,173504.443
1978 March,66623.494,36958.018,22269.092,0,22448.665,24630.089,25.683,10.618,227.657,0,0,173193.317
1978 April,70327.333,24978.413,21339.11,0,17579.902,25305.707,5.501,10.156,191.95,0,0,159738.072
1978 May,76431.711,24368.349,25076.268,0,20416.17,28756.952,4.506,11.268,171.002,0,0,175236.225
1978 June,84033.019,26129.595,30618.31,0,22185.187,25121.255,5.058,9.748,210.307,0,0,188312.48
1978 July,89606.31,29117.394,34247.75,0,25007.094,24452.766,6.308,8.43,235.597,0,0,202681.649
1978 August,93429.682,32302.004,32583.162,0,25599.306,22185.112,24.018,17.365,277.092,0,0,206417.74
1978 September,87041.271,26640.067,28206.109,0,22188.917,21177.215,12.896,12.938,292.585,0,0,185571.998
1978 October,82082.993,25753.492,25232.611,0,22996.549,19478.805,25.758,13.709,217.591,0,0,175801.507
1978 November,81727.362,27309.782,22000.457,0,24900.669,19952.512,24.228,11.542,245.785,0,0,176172.338
1978 December,88863.313,34026.554,21138.026,0,25415.16,22081.8,16.868,12.145,311.599,0,0,191865.466
1979 January,94985.712,39474.311,22092.806,0,27792.163,25021.457,12.201,14.205,299.38,0,0,209692.236
1979 February,84747.823,32274.117,21844.013,0,25910.788,21275.254,23.648,16.35,244.898,0,0,186336.89
1979 March,85219.537,22075.574,24916.06,0,24334.822,25920.777,30.272,23.239,328.623,0,0,182848.905
1979 April,80450.173,20599.379,24763.199,0,18417.942,25388.504,25.243,13.283,303.915,0,0,169961.638
1979 May,86149.298,21470.44,26135.375,0,15024.851,28939.195,22.626,21.34,305.604,0,0,178068.729
1979 June,90817.26,24367.27,30106.952,0,16065.455,24978.514,20.957,16.46,309.504,0,0,186682.371
1979 July,97879.473,25749.925,34675.501,0,20824.729,22760.636,20.175,15.9,328.236,0,0,202254.575
1979 August,97910.027,26122.976,34948.735,0,24204.083,21259.932,30.048,16.457,358.096,0,0,204850.354
1979 September,85664.344,22509.343,31441.588,0,21803.87,18978.246,31.004,12.094,310.775,0,0,180751.264
1979 October,87527.612,20278.861,30418.982,0,20934.359,20166.7,29.302,11.732,348.445,0,0,179715.992
1979 November,87455.783,23380.251,24661.307,0,19255.175,22366.537,31.079,17.576,338.536,0,0,177506.244
1979 December,96230.048,25222.763,23480.589,0,20586.386,22727.06,23.304,19.556,412.956,0,0,188702.664
1980 January,103257.677,24985.981,26348.819,0,19745.966,25278.087,30.867,20.829,336.471,0,0,200004.699
1980 February,98150.804,24780.801,24755.111,0,19277.338,21377.604,31.482,18.624,323.169,0,0,188714.933
1980 March,95386.178,20415.059,26891.062,0,20038.872,24332.151,29.39,12.461,359.122,0,0,187464.293
1980 April,83561.813,16024.88,24181.362,0,18793.503,25747.906,21.841,12.188,376.294,0,0,168719.787
1980 May,84884.262,16545.279,26586.804,0,18384.807,28864.874,9.782,14.817,443.088,0,0,175733.713
1980 June,93691.765,18019.504,31294.973,0,18322.206,27656.143,6.572,10.997,427.499,0,0,189429.659
1980 July,108456.913,23288.774,39063.083,0,21023.937,24468.827,15.032,10.197,449.596,0,0,216776.36
1980 August,107579.936,24884.835,37647.074,0,24332.931,20431.309,24.25,12.567,480.427,0,0,215393.328
1980 September,97556.952,17815.305,33579.978,0,23572.294,18491.19,23.997,11.046,433.806,0,0,191484.569
1980 October,91196.02,15858.229,28591.879,0,24509.631,17865.85,29.809,11.031,492.623,0,0,178555.072
1980 November,93500.667,19989.308,24338.395,0,20983.909,19217.106,27.882,11.012,481.542,0,0,178549.821
1980 December,104339.38,23386.234,22961.361,0,22130.182,22289.922,24.462,12.026,469.442,0,0,195613.009
1981 January,111764.813,25963.088,22080.996,0,23778.769,22338.49,24.316,10.563,505.539,0,0,206466.574
1981 February,97653.289,17443.999,21339.106,0,21595.261,21098.942,27.208,8.81,446.85,0,0,179613.464
1981 March,99482.128,16956.746,25996.919,0,22004.399,20572.453,29.436,10.261,501.033,0,0,185553.375
1981 April,88109.349,15106.252,27460.284,0,20646.019,20722.677,27.823,9.454,462.686,0,0,172544.544
1981 May,88940.698,14507.881,30070.319,0,19723.09,24081.252,14.228,9.978,458.335,0,0,177805.78
1981 June,99837.068,18971.565,35885.106,0,21165.626,26369.752,6.86,8.486,457.46,0,0,202701.924
1981 July,112853.683,20071.683,38712.255,0,23079.647,25132.882,9.957,10.344,502.803,0,0,220373.254
1981 August,108402.855,16001.049,36917.716,0,26946.387,21614.967,10.736,13.02,496.632,0,0,210403.361
1981 September,97663.878,15565.877,30850.324,0,24398.455,17821.506,23.321,15.24,499.717,0,0,186838.318
1981 October,97046.239,16213.139,28916.564,0,20555.822,18088.439,25.808,12.621,492.996,0,0,181351.628
1981 November,94841.001,13847.211,24670.378,0,22783.424,18963.435,25.044,9.378,430.344,0,0,175570.213
1981 December,106608.232,15772.285,22877.206,0,25996.603,23878.75,20.464,4.474,431.768,0,0,195589.781
1982 January,113123.631,20673.949,22620.535,0,25677.834,26895.536,18.831,12.217,380.21,0,0,209402.742
1982 February,96905.528,15216.865,20919.528,0,20187.619,26689.988,19.505,10.388,349.706,0,0,180299.127
1982 March,97625.094,13494.516,23597.611,0,22755.478,29884.687,11.849,10.215,308.008,0,0,187687.458
1982 April,88115.664,11192.216,23231.222,0,21784.661,27927.889,9.816,7.661,310.575,0,0,172579.704
1982 May,92997.402,9867.698,24291.498,0,21638.768,27970.899,8.875,11.157,360.911,0,0,177147.208
1982 June,95313.637,10419.113,27959.064,0,24026.011,27952.8,11.244,10.598,435.826,0,0,186128.292
1982 July,110617.225,13380.25,33340.356,0,25467.06,27293.876,13.15,13.278,458.391,0,0,210583.586
1982 August,110124.075,11753.038,34418.117,0,24986.071,23894.37,14.372,8.747,456.832,0,0,205655.622
1982 September,96895.697,10363.144,27649.118,0,25390.532,19895.827,21.737,7.799,438.243,0,0,180662.097
1982 October,93769.09,9885.352,25804.497,0,23247.7,19750.369,30.99,11.775,466.512,0,0,172966.286
1982 November,95547.275,9312.965,21465.602,0,23235.022,23296.787,20.135,9.463,489.97,0,0,173377.219
1982 December,100969.888,11238.383,19962.6,0,24376.491,27759.865,15.435,11.681,387.681,0,0,184722.025
1983 January,108164.265,12879.838,19721.254,0,25073.059,29234.549,13.293,9.254,483.529,0,0.172,195579.213
1983 February,92691.602,12585.943,16658.895,0,22197.767,27949.891,12.152,10.536,371.94,0,0.018,172478.744
1983 March,95598.248,12556.444,19686.264,0,23890.193,30302.178,14.433,11.446,428.696,0,0.313,182488.215
1983 April,88113.755,10336.746,19173.85,0,22334.793,29988.66,11.618,10.612,401.83,0,0.214,170372.078
1983 May,91296.386,9050.351,20444.768,0,22050.937,31193.505,10.56,18.831,326.45,0,0.251,174392.04
1983 June,101512.015,11138.627,23091.183,0,24151.858,30692.332,13.661,19.028,429.464,0,0.212,191048.379
1983 July,121560.33,14709.748,29615.086,0,25602.084,28113.434,13.99,15.732,534.843,0,0.097,220165.343
1983 August,129312.743,14730.919,33147.159,0,26201.317,25827.564,18.181,15.72,703.792,0,0.01,229957.406
1983 September,108867.586,11298.792,28040.45,0,25007.372,21711.698,19.309,15.275,642.982,0,0.378,195603.843
1983 October,101951.282,9941.041,23782.891,0,25796.805,20746.779,23.245,14.16,674.082,0,0.464,182930.749
1983 November,103225.255,9229.464,20169.388,0,25010.113,24677.685,26.657,10.282,599.874,0,0.423,182949.141
1983 December,117130.811,16040.679,20567.27,0,26360.821,31691.461,38.767,11.87,477.619,0,0.117,212319.415
1984 January,120850.261,15938.933,20245.336,0,29313.313,29737.483,45.15,13.697,487.953,-0.069,0.041,216632.098
1984 February,104706.39,10052.549,17826.724,0,28435.519,27899.634,23.417,23.078,596.024,0.061,0.199,189563.597
1984 March,111157.719,10806.168,19644.833,0,27344.704,30434.977,28.649,34.591,654.973,0.17,0.184,200106.968
1984 April,97541.501,7449.51,21197.053,0,24231.118,29969.929,14.401,33.607,646.337,0.323,0.562,181084.341
1984 May,100138.89,8421.629,25303.732,0,25866.506,31813.517,15.569,36.125,619.995,0.703,0.758,192217.425
1984 June,115425.514,11151.74,28345.033,0,25299.389,28773.014,15.275,35.155,601.822,0.945,0.599,209648.487
1984 July,121094.329,10396.601,33326.633,0,28284.305,27494.516,36.274,36.829,574.462,0.253,0.468,221244.669
1984 August,127743.902,12835.775,33291.869,0,29493.032,25136.934,38.495,35.205,719.249,0.883,0.266,229295.612
1984 September,108861.54,7713.431,27838.782,0,29145.7,20910.98,43.654,34.823,647.833,0.976,0.499,195198.217
1984 October,110800.527,7874.495,25782.724,0,24773.645,20886.515,53.737,52.117,711.156,0.683,0.87,190936.468
1984 November,109759.28,9232.298,23727.895,0,24574.563,22259.171,76.675,47.012,702.248,0.337,0.847,190380.325
1984 December,113600.9,7934.784,20862.981,0,30871.754,25833.574,70.113,42.301,778.452,-0.016,1.197,199996.04
1985 January,129092.471,12077.118,22050.835,0,36186.298,27543.423,82.597,48.412,774.003,0.465,0.635,227856.257
1985 February,112036.83,9270.117,19417.44,0,30812.422,25902.171,74.844,43.696,683.523,-0.085,1.093,198242.051
1985 March,111390.703,7120.015,19848.321,0,31041.225,24639.943,80.633,52.38,795.867,0.104,0.69,194969.881
1985 April,104790.423,6017.18,22425.012,0,26458.274,24402.974,25.963,57.977,696.907,1.222,0.581,184876.514
1985 May,111514.668,6859.495,22481.467,0,28697.365,26421.137,31.256,58.191,724.684,1.471,0.337,196790.07
1985 June,115583.004,7576.498,26739.747,0,30836.969,23838.656,26.683,61.497,698.184,1.568,0.337,205363.144
1985 July,128880.144,8289.434,32190.85,0,35184.214,21292.823,53.538,62.516,767.624,1.055,0.071,226722.269
1985 August,126549.659,9858.348,33915.168,0,34812.142,19980.82,71.265,58.384,802.236,2.007,0.363,226050.393
1985 September,114630.253,7434.642,26272.697,0,34507.709,18767.239,77.939,44.056,762.515,1.369,0.832,202499.251
1985 October,111053.345,7514.42,24119.576,0,31205.154,20047.636,72.286,45.375,729.992,0.947,0.524,194789.255
1985 November,108814.643,7008.016,22453.425,0,30166.489,22954.019,73.695,55.303,901.352,0.276,0.194,192427.412
1985 December,127791.979,11176.988,20031.428,0,33782.468,25358.576,72.595,51.791,988.343,0.231,0.105,219254.505
1986 January,130189.924,11088.338,17472.41,0,36218.874,21377.147,64.133,50.205,1007.682,0.638,0.155,217469.505
1986 February,110982.428,9529.298,14924.854,0,32721.017,23222.056,36.611,53.139,865.407,0.592,0.169,192335.57
1986 March,110389.796,10072.925,16149.202,0,30773.127,28465.433,20.004,61.743,900.114,1.014,0.69,196834.048
1986 April,98995.106,9226.796,18961.06,0,30476.66,27523.345,19.908,57.126,811.665,1.377,0.613,186073.656
1986 May,104900.302,10435.353,21947.302,0,31924.086,27204.623,24.295,56.019,820.177,1.828,0.74,197314.725
1986 June,120153.987,11563.482,24767.149,0,31333.867,26223.37,26.723,54.981,889.86,1.409,0.502,215015.329
1986 July,136653.936,16296.267,28711.652,0,35893.532,24071.961,40.96,57.454,944.107,1.669,0.522,242672.059
1986 August,123617.62,15465.909,26352.173,0,37483.147,21189.37,56.503,57.707,941.909,1.629,0.46,225166.427
1986 September,113957.353,10676.506,23456.719,0,36592.616,21113.549,51.188,53.156,789.335,1.438,0.069,206691.93
1986 October,108583.774,9872.701,20876.382,0,36213.556,21335.096,38.668,56.205,775.916,1.289,0.227,197753.814
1986 November,109045.451,10463.699,18044.042,0,34944.105,23153.423,46.194,62.783,671.542,0.895,0.012,196432.146
1986 December,118361.775,11893.594,16845.488,0,39463.476,25964.725,66.323,64.715,890.243,0.254,0.03,213550.624
1987 January,126630.512,11926.743,17788.153,0,39974.825,25412.297,64.23,58.189,894.259,0.062,0.075,222749.344
1987 February,109647.934,10501.85,15119.732,0,36598.257,21226.011,57.114,53.476,829.269,0.532,0.004,194034.179
1987 March,111920.394,10007.168,18349.449,0,37290.006,23247.942,58.599,65.749,909.237,0.902,-0.009,201849.437
1987 April,105474.356,7911.58,19601.569,0,33517.74,22025.217,45.401,61.34,856.992,1.278,0.146,189495.619
1987 May,115155.284,8145.79,23238.723,0,34320.408,24201.911,46.379,63.545,900.486,1.251,0.328,206074.105
1987 June,129350.599,10654.604,27090.362,0,36560.089,20862.595,78.229,65.213,924.767,1.665,0.965,225589.088
1987 July,143502.911,12547.339,30511.554,0,40055.583,20194.515,79.441,64.291,956.08,1.785,1.226,247914.728
1987 August,143194.312,11288.95,32261.639,0,41352.353,18446.335,82.344,64.953,952.397,1.19,0.232,247644.706
1987 September,120777.103,7696.435,25677.538,0,39665.826,18179.678,70.933,51.074,888.492,0.774,0.226,213008.078
1987 October,117742.848,6819.448,22985.178,0,36491.544,17954.602,58.104,56.823,899.778,0.576,0.062,203008.962
1987 November,114171.65,9803.399,21005.294,0,37437.67,16857.141,65.425,46.893,869.989,0.322,0.063,200257.846
1987 December,126213.387,11189.264,18991.611,0,42006.081,21086.729,76.889,42.394,893.714,0.159,0.224,220500.454
1988 January,137845.293,16090.408,16237.245,0,44658.45,22032.781,91.493,38.041,901.993,0.458,0.642,237896.803
1988 February,126267.376,11889.894,16530.273,0,42246.023,19105.436,82.293,38.403,776.173,0.767,-0.001,216936.638
1988 March,120033.644,9768.817,19743.729,0,43912.016,19514.061,89.832,44.923,904.768,1.288,0.03,214013.108
1988 April,109135.472,7493.961,19241.49,0,40066.609,19103.915,68.986,70.548,818.823,0.478,0.031,196000.313
1988 May,115195.008,7210.616,23154.533,0,40650.384,21238.404,38.89,76.751,804.966,1.263,0.016,208370.831
1988 June,132267.995,9754.321,26808.398,0,44079.082,18832.948,80.642,68.454,853.815,1.358,0.013,232747.026
1988 July,144301.353,14059.314,31284.129,0,49828.437,16903.664,82.193,71.663,928.768,1.115,-0.004,257460.632
1988 August,152376.525,16068.103,32701.666,0,49035.279,16447.181,96.023,80.401,886.209,1.131,0.022,267692.539
1988 September,124409.811,10013.751,22213.483,0,46270.481,16270.154,78.313,72.431,849.671,0.971,0.005,220179.071
1988 October,121339.387,13235.78,17315.929,0,42591.127,15112.129,75.019,72.517,865.865,0.137,0.033,210607.923
1988 November,121053.811,14962.382,14542.603,0,39583.296,18466.168,75.64,49.857,859.595,0.068,0.031,209593.452
1988 December,136427.1,18352.213,13027.227,0,44051.863,19912.843,76.661,54.267,849.434,0.059,0.053,232751.721
1989 January,135938.512,15399.021,15627.89,38.565,46327.876,21256.051,493.576,438.211,1279.108,6.957,145.754,236975.475
1989 February,127899.361,17825.259,18592.111,34.832,38724.747,18909.824,459.245,423.7,1154.869,7.414,223.489,224276.487
1989 March,127435.17,16739.795,22382.883,38.565,39636.347,22994.049,523.072,286.842,1362.218,19.086,255.996,231697.978
1989 April,116097.898,11611.643,25170.426,37.32,33494.851,24452.258,448.192,399.303,1181.97,23.655,238.112,213178.81
1989 May,119774.96,9982.387,26481.529,38.565,38338.755,28485.647,328.105,648.567,1252.563,15.56,204.252,225574.844
1989 June,129335.273,12645.206,27521.678,37.32,42976.005,26285.128,394.676,660.156,1236.567,21.626,156.368,241293.185
1989 July,139415.012,12133.086,33845.86,38.565,52331.024,23024.39,418.792,787.752,1254.023,35.589,142.075,263450.123
1989 August,142696.276,11030.939,33129.386,38.565,54947.688,20501.41,509.427,746.015,1210.107,26.226,103.095,264963.09
1989 September,127608.668,10115.707,28452.468,37.32,44836.739,19213.843,460.086,837.68,1126.904,31.453,280.158,233024.209
1989 October,123078.513,8298.775,27504.445,38.565,43557.735,20388.18,489.893,872.196,1185.474,28.156,175.613,225641.499
1989 November,125034.968,11392.068,20191.404,37.32,43399.433,21515.798,520.572,873.596,1130.863,24.616,122.834,224266.655
1989 December,148051.586,21831.074,18395.048,38.565,50783.516,22162.631,536.472,768.897,1218.775,10.263,64.296,263885.078
1990 January,133686.091,11696.917,16039.439,52.752,55119.378,24090.073,626.338,941.146,1362.239,14.995,301.281,243779.161
1990 February,117001.605,9533.273,14590.4,47.647,49962.644,24972.52,633.1,870.27,1245.569,17.994,231.216,218829.798
1990 March,124125.711,10333,20680.483,52.752,46087.114,28660.886,660.809,1003.955,1369.912,25.492,245.229,233252.134
1990 April,118200.1,10301.246,22255.089,51.05,38516.014,26268.032,622.866,937.505,1080.717,27.741,420.392,218373.475
1990 May,120745.756,9590.551,26798.16,52.752,42945.119,27765.311,477.301,942.207,1276.053,46.636,350.327,230831.99
1990 June,133687.425,13558.968,33141.68,51.05,46332.308,28545.606,313.568,987.836,1327.528,37.938,406.379,258175.748
1990 July,145515.887,13026.456,36308.701,52.752,53644.726,24499.447,532.275,932.84,1337.508,46.636,119.111,275710.296
1990 August,148485.949,11058.723,38215.897,52.752,55758.133,21909.825,671.338,981.744,1319.564,48.885,70.065,278190.148
1990 September,136579.089,8107.098,33062.008,51.05,48484.924,17810.431,656.139,998.027,1240.928,31.34,91.085,246661.723
1990 October,131225.899,7311.794,28603.739,52.752,43395.118,19328.309,609.55,1019.176,1300.851,33.74,203.189,232783.401
1990 November,124997.073,6319.497,20668.422,51.05,45034.367,20837.893,552.684,944.028,1246.553,16.345,231.216,220509.317
1990 December,137858.337,8026.406,19122.332,52.752,51581.833,25064.791,676.477,941.192,1326.848,19.344,119.111,244224.427
1991 January,143562.504,9332.097,19664.753,61.072,54368.993,26608.312,873.713,1154.882,1390.526,19.928,62.125,256754.81
1991 February,119210.811,8792.676,16507.563,55.162,47862.642,22810.329,540.342,1034.215,1212.415,21.482,289.918,217948.786
1991 March,119714.862,8889.782,22188.512,61.072,49121.188,26797.388,514.168,1192.835,1384.412,6.077,207.084,229692.112
1991 April,113699.175,8079.679,24664.017,59.102,41631.054,26649.583,381.166,1207.035,1242.549,6.501,238.147,217483.859
1991 May,125318.569,11126.658,28213.584,61.072,46754.597,29382.596,453.022,1274.401,1270.784,62.751,362.397,243999.271
1991 June,133467.95,11292.308,29371.659,59.102,54208.487,26643.87,506.373,1196.714,1355.265,67.133,155.313,258098.345
1991 July,145637.952,11142.037,37464.644,61.072,60734.6,25231.072,497.427,1111.617,1354.493,82.396,155.313,283051.659
1991 August,145837.257,12007.703,37254.405,61.072,58472.648,22525.849,745.939,1211.231,1340.937,71.514,227.793,279480.961
1991 September,130613.061,8750.012,30031.692,59.102,51873.616,19143.617,885.522,1149.601,1257.745,60.207,207.084,243747.43
1991 October,126953.34,6561.152,30541.526,61.072,47652.637,18331.347,760.611,1035.448,1327.954,35.616,424.523,233307.875
1991 November,130596.968,7876.902,22842.625,59.102,46295.177,19169.128,713.65,1175.914,1390.1,25.157,424.523,230132.388
1991 December,134233.187,8947.157,19028.379,61.072,53589.448,22726.351,863.742,1110.035,1439.264,13.003,196.73,241863.175
1992 January,139227.837,10583.348,20494.781,102.696,57848.681,22537.775,909.96,1425.762,1415.114,8.702,150.001,254275.541
1992 February,123416.887,8606.287,20478.253,96.07,52803.662,18723.743,645.417,1375.313,1246.593,11.098,515.629,227669.728
1992 March,129445.831,9137.74,25216.944,102.696,45835.381,22701.14,547.37,1312.039,1419.386,14.124,328.128,235536.343
1992 April,121568.769,6748.271,27759.865,99.383,42267.583,20318.818,519.208,1161.777,1284.733,29.257,318.753,221761.28
1992 May,125481.368,5348.515,28742.424,102.696,45627.313,23156.319,331.85,1428.219,1360.468,46.913,93.751,231470.718
1992 June,131401.47,7788.109,31666.964,99.383,51185.047,23399.026,626.323,1370.884,1344.893,45.904,75.001,248929.508
1992 July,151091.554,8859.293,40474.767,102.696,56048.753,20460.946,720.938,1423.791,1364.252,62.172,75.001,280489.163
1992 August,143864.578,7181.109,36455.697,102.696,58655.626,18956.442,851.473,1399.003,1374.444,60.406,140.626,268664.523
1992 September,135083.413,7096.199,33062.196,99.383,50919.47,17508.656,760.321,1369.175,1277.633,46.03,318.753,247349.633
1992 October,129711.159,7166.535,25868.244,102.696,48783.96,17219.311,869.756,1259.357,1348.255,37.581,243.752,232239.043
1992 November,127272.642,7093.764,22842.205,99.383,50725.542,20256.336,897.772,976.41,1344.244,28.375,281.252,231403.537
1992 December,140148.311,6628.742,21211.783,102.696,58075.245,24777.171,810.707,1422.156,1357.949,9.08,346.878,254584.588
1993 January,140574.907,7667.122,20892.492,82.087,59076.169,25771.43,922.733,1657.577,1442.919,9.366,247.393,257842.658
1993 February,132156.545,7349.55,20841.993,74.143,51319.099,20800.303,822.948,1282.598,1402.587,17.759,49.479,235701.235
1993 March,138593.548,9075.572,24826.749,82.087,46605.706,24320.058,850.315,1623.087,1461.515,34.544,519.526,248032.322
1993 April,122256.561,5512.5,22052.109,79.439,43198.624,26382.244,687.848,1182.77,1450.613,54.127,371.09,222840.085
1993 May,122818.533,5578.488,20942.573,82.087,50366.855,30373.235,424.793,1368.004,1290.074,49.505,371.09,233571.843
1993 June,139692.512,8270.361,32242.07,79.439,52620.167,27600.731,455.265,1388.795,1299.847,35.395,86.588,263641.893
1993 July,160942.87,12011.412,41905.624,82.087,56502.161,24462.669,549.663,1332.762,1426.937,62.398,136.066,299285.597
1993 August,158704.143,12683.55,45287.448,82.087,56208.868,20758.715,938.895,1107.686,1448.882,68.237,74.218,296936.176
1993 September,136152.113,10336.245,33014.883,79.439,49988.643,18049.914,833.66,1354.851,1397.201,56.56,136.066,251003.831
1993 October,133028.088,8111.584,30283.827,82.087,44434.321,18004.068,854.222,1339.294,1385.085,33.936,284.502,237316.837
1993 November,134411.994,7921.24,27141.927,79.439,46862.472,18769.996,917.531,1249.995,1371.456,26.759,457.677,238941.85
1993 December,146132.338,10907.7,22790.135,82.087,53108.129,22230.3,893.978,1335.918,1411.45,13.866,272.132,258782.48
1994 January,155627.101,15825.255,22319.587,92.747,56846.753,20826.757,1150.057,1130.554,1412.708,25.368,0,274862.376
1994 February,133605.869,10465.244,19241.706,83.772,49821.381,19958.19,812.335,1194.765,1284.857,21.584,100.401,236341.334
1994 March,136041.525,8628.372,24081.673,92.747,48969.479,23040.371,818.589,1409.258,1294.141,49.475,546.629,244742.213
1994 April,122009.284,8318.377,26808.3,89.755,43192.096,24115.206,707.222,1262.668,1325.641,48.074,412.761,228070.706
1994 May,128833.659,7577.159,27393.044,92.747,48525.043,25285.426,414.341,1553.961,1301.071,50.036,368.138,241149.117
1994 June,150215.334,10716.954,40731.943,89.755,51751.052,24423.923,531.721,1519.26,1168.938,56.483,368.138,281196.375
1994 July,155046.372,10099.205,46180.999,92.747,59122.618,22812.47,909.068,1429.149,1238.416,53.119,189.647,296942.463
1994 August,154238.173,6572.441,49278.5,92.747,60104.031,19820.578,757.81,1406.746,1364.68,39.384,133.868,293669.13
1994 September,134544.362,5448.297,38160.59,89.755,55628.189,16186.894,692.456,1297.022,1261.829,49.615,312.359,253377.365
1994 October,132076.877,4949.521,34362.058,92.747,50702.568,17101.532,863.998,1548.367,1294.504,55.782,356.982,243158.498
1994 November,125930.588,4856.304,30172.783,89.755,55279.658,18695.046,809.666,1520.051,1280.548,27.611,490.85,238846.067
1994 December,138106.948,5219.49,26958.141,92.747,60496.964,21738.433,765.018,1712.044,1308.122,10.091,167.335,256369.682
1995 January,145267.305,4658.381,26378.645,163.649,63341.706,24434.76,537.346,1441.399,1151.068,5.211,5.703,266982.236
1995 February,131022.453,7887.1,22400.125,147.812,51858.111,24606.214,418.03,1248.81,835.906,9.024,23.382,240550.606
1995 March,129516.21,3450.021,32524.436,163.649,51879.92,28071.151,539.026,1265.928,918.627,17.666,4.562,248585.925
1995 April,121167.787,3712.98,30094.136,158.37,49320.883,24145.375,664.856,1677.448,794.558,51.22,6.843,231844.972
1995 May,128539.292,4916.989,33640.039,163.649,54386.954,27296.888,499.17,1066.984,718.396,67.997,408.613,251803.772
1995 June,140857.91,4952.429,38730.404,158.37,56380.848,29697.961,460.43,1569.461,791.132,81.342,498.433,273763.687
1995 July,161553.153,8121.871,52865.374,163.649,62037.146,26991.234,825.347,1514.104,860.002,72.572,619.905,315391.306
1995 August,170042.788,9248.235,60566.355,163.649,61660.819,23952.016,859.432,1603.928,1478.777,70.284,545.767,329965.651
1995 September,137952.2,5431.737,41574.692,158.37,55689.862,19677.75,698.257,1565.637,1034.776,52.237,572.856,264128.486
1995 October,133951.168,3919.799,31476.719,163.649,54293.47,22747.616,789.055,1704.994,1744.081,35.968,256.63,250466.23
1995 November,136583.551,3943.608,26272.859,158.37,52708.355,25096.1,672.87,1736.859,1562.952,25.165,125.179,248568.61
1995 December,149602.502,7902.703,22654.809,163.649,59844.049,28693.371,632.955,1590.226,1487.983,8.134,96.379,272178.698
1996 January,155428.691,8740.992,23145.702,113.594,62941.562,30190.041,764.192,1158.647,968.3,12.993,147.279,283164.316
1996 February,140232.939,9153.968,19212.431,106.265,55927.692,31246.296,521.918,1321.348,987.784,19.079,111.817,258386.14
1996 March,141140.094,6774.972,21933.493,113.594,55473.88,33295.511,650.807,1485.455,926.931,59.209,187.533,261969.837
1996 April,127693.673,3554.463,23947.867,109.93,50325.24,31292.068,384.996,1311.057,1053.34,74.34,244.4,240062.412
1996 May,137115.928,4432.699,36652.423,113.594,55636.922,32685.497,531.431,1352.102,707.462,85.689,391.679,269650.072
1996 June,148971.279,6197.986,41417.214,109.93,57497.751,31372.82,672.45,1591.636,1060.028,91.281,375.705,289121.468
1996 July,161666.107,8420.41,49201.32,113.594,60953.431,28374.968,798.583,1700.869,1519.593,71.215,535.125,313189.297
1996 August,164996.464,7028.775,50793.369,113.594,61476.508,25811.954,922.524,1286.484,1572.002,31.907,415.001,314252.66
1996 September,145153.849,5391.368,39290.067,109.93,54592.87,21755.618,695.806,1512.597,1359.024,10.033,351.425,269833.291
1996 October,145458.67,3730.071,31445.012,113.594,50612.356,22204.205,919.246,1762.876,1452.37,28.289,253.026,257614.647
1996 November,148092.563,4769.302,23822.316,109.93,52131.809,23148.959,871.832,1632.954,1473.885,19.901,98.718,255681.29
1996 December,156022.734,6587.858,17896.078,113.594,57158.525,29780.9,652.595,1700.174,1247.965,17.269,122.36,271215.921
1997 January,164259.486,9148.459,18820.869,130.231,58914.427,32422.741,850.022,1333.64,1115.892,11.748,120.475,286626.118
1997 February,137486.321,4982.042,18984.181,117.628,50657.615,31001.351,591.08,1444.077,833.894,34.215,108.923,245913.654
1997 March,140371.152,4832.967,25628.745,130.231,50414.084,34423.384,674.079,1443.364,1178.867,44.935,148.531,259078.457
1997 April,134172.15,4366.151,26585.961,126.03,44882.839,31553.015,682.322,1641.514,1303.916,61.969,324.018,245431.459
1997 May,138618.583,4951.112,31266.462,130.231,47031.786,33627.131,734.112,1700.188,1267.653,52.864,350.423,259716.402
1997 June,148700.259,7483.573,40091.513,126.03,52094.784,33894.816,575.969,1532.816,1035.731,78.122,517.108,285908.819
1997 July,170167.271,10089.968,56922.638,130.231,57352.132,31140.592,702.916,1596.171,1377.737,72.395,509.406,329792.786
1997 August,165377.068,8576.106,52463.179,130.231,61083.7,26467.482,755.388,1612.905,1360.902,60.207,530.31,318124.758
1997 September,154218.768,8550.589,45480.715,126.03,52586.11,23017.552,703.115,1377.63,1298.792,33.774,260.204,287287.304
1997 October,154806.215,7889.733,32793.804,130.231,46981.239,24331.633,974.82,1636.669,1283.962,32.6,274.507,270700.17
1997 November,148728.808,7407.142,23992.55,126.03,51188.914,23324.421,768.667,1548.554,1279.228,16.447,72.615,257923.603
1997 December,163855.678,8201.209,26565.204,130.231,55456.541,25443.845,667.739,1617.037,1389.527,11.894,71.515,282871.604
1998 January,160360.115,7089.253,23759.345,196.608,57888.88,28330.826,939.033,1375.484,1402.262,8.78,17.395,281336.98
1998 February,139689.849,6307.912,18713.574,177.581,50998.718,29488.745,601.593,1390.296,1113.638,6.785,8.186,248634.389
1998 March,147901.511,9631.865,27296.746,196.608,53711.047,31151.956,692.759,1638.468,1388.853,49.888,6.139,273663.906
1998 April,135407.765,7562.351,26849.263,190.265,47502.988,28124.049,698.205,1605.188,914.509,55.476,85.951,248569.979
1998 May,148792.084,10577.37,39576.722,196.608,51496.327,32634.424,738.235,1767.256,823.407,37.715,143.252,286065.456
1998 June,161122.231,13468.566,50933.616,190.265,55731.853,31794.087,383.287,1427.674,1009.301,66.85,394.967,315856.578
1998 July,176980.559,15100.741,61295.676,196.608,61499.085,28174.369,724.999,1637.348,1280.061,81.018,547.429,346861.255
1998 August,176421.013,14468.937,62241.478,196.608,60368.984,24686.119,771.001,1640.753,1377.533,72.837,421.571,341973.2
1998 September,158732.176,11692.334,52481.099,190.265,57205.864,20474.207,751.914,1578.805,1352.908,51.884,475.803,304726.476
1998 October,147849.329,8141.602,34765.459,196.608,57429.377,18565.227,836.378,1738.427,1493.723,37.516,298.784,270861.624
1998 November,141174.369,8211.209,24971.717,190.265,57372.39,19681.952,655.134,1429.015,1330.988,20.155,181.112,254699.853
1998 December,155762.305,9958.95,26407.884,196.608,62496.591,24760.66,815.591,2004.462,1286.734,13.57,445.106,284165.95
1999 January,163017.163,12577.741,27518.612,136.45,65689.472,29070.39,913.072,1471.922,1323.272,7.667,337.019,301515.718
1999 February,139944.645,9994.242,23333.051,123.245,57489.279,28255.888,637.686,1560.279,1066.11,14.029,308.918,262375.227
1999 March,148914.579,10683.528,31705.667,136.45,58838.125,31590.462,508.323,1591.933,1254.848,38.334,446.692,285336.877
1999 April,140376.421,9008.366,38815.715,132.048,48529.139,26921.795,746.748,1740.378,1055.693,54.81,373.317,267294.994
1999 May,146738.455,9317.124,41299.393,136.45,56056.776,28554.204,987.086,1842.318,1309.989,63.292,275.548,285907.624
1999 June,159879.779,10274.429,49195.929,132.048,62300.248,30100.784,682.938,1770.407,1212.609,66.065,253.887,315311.468
1999 July,181287.756,14840.022,65082.512,136.45,66814.583,29233.124,866.406,1664.694,1223.695,66.555,456.059,361077.456
1999 August,175317.462,12320.725,63945.144,136.45,68142.717,25333.959,825.398,1563.216,1249.497,54.647,382.294,348522.676
1999 September,156297.977,7722.669,42500.647,132.048,60935.054,20573.213,735.917,1600.581,1255.613,38.008,377.415,291765.768
1999 October,148843.457,6446.206,36918.665,136.45,55343.056,19599.3,604.406,1590.189,1301.961,48.611,418.591,270800.008
1999 November,142367.465,4413.309,26158.826,132.048,60552.304,20840.674,804.298,1573.385,1235.067,25.121,354.192,258025.967
1999 December,155632.564,3940.767,26521.795,136.45,67563.373,24589.265,648.426,1523.749,1338.658,17.944,504.066,282048.678
2000 January,176226.539,6953.378,32342.739,171.767,70762.352,24952.98,555.786,1656.967,1272.318,9.119,645.286,315034.994
2000 February,157450.381,4640.703,28803.653,160.685,64178.502,22137.989,745.571,1719.457,1173.817,21.147,705.904,281299.705
2000 March,154990.249,4333.731,35966.894,171.767,62736.512,26292.566,781.988,1959.683,1186.479,27.356,350.019,288211.601
2000 April,140225.117,4531.761,37303.423,166.226,58259.145,28051.827,741.701,1952.655,1242.898,36.862,330.074,272469.594
2000 May,153663.907,8370.158,51929.914,171.767,63975.913,26999.355,706.367,2096.521,1190.11,54.712,408.095,309091.833
2000 June,166892.895,10777.186,52073.745,166.226,67298.55,24798.005,616.706,1687.053,1164.041,58.204,447.007,325431.127
2000 July,172583.076,10206.685,62497.457,171.767,68971.667,23759.607,753.501,1763.899,1199.699,82.456,379.937,342103.987
2000 August,179400.573,12662.874,68384.587,171.767,67226.15,21643.161,775,1688.803,1201.654,66.352,376.417,353253.501
2000 September,160113.33,10913.14,48759.429,166.226,58266.574,17527.015,700.957,1612.272,1008.004,61.696,332.42,298835.056
2000 October,157145.875,8391.103,36868.713,171.767,52469.741,16921.949,849.373,1738.687,1087.326,40.161,411.419,275711.179
2000 November,153697.147,7161.977,30880.84,166.226,56471.424,18866.338,830.446,1601.819,1146.445,19.983,823.033,271325.421
2000 December,170722.202,16249.427,32166.607,171.767,63276.41,19386.899,858.678,829.269,1220.367,15.327,383.652,304760.982
2001 January,175303.443,17395.982,35260.74,40.311,68707.077,18611.423,756.608,1074.466,1229.325,6.5,389.25,318736.349
2001 February,148059.242,9816.608,31636.081,42.181,61272.407,17231.563,625.396,982.758,1073.044,12.568,431.242,270971.381
2001 March,153452.065,11206.697,37452.992,45.323,62140.712,20132.657,678.018,1068.246,1190.023,31.498,532.12,287699.975
2001 April,139033.762,10415.996,39413.099,43.303,56003.026,17722.781,615.682,1042.314,1094.991,38.759,684.695,265855.153
2001 May,150043.237,9933.71,44283.324,50.532,61512.445,18875.189,658.929,1085.759,1071.38,81.053,635.029,288165.683
2001 June,160887.899,11412.905,50854.424,51.089,68023.098,20429.638,755.827,1099.375,1087.828,91.143,669.634,315147.762
2001 July,177141.591,10587.483,65545.858,58.828,69166.04,17832.011,748.126,1151.474,1178.533,91.994,634.992,343833.921
2001 August,181052.501,13770.52,70693.358,57.18,68389.496,18592.898,767.238,1153.697,1167.238,85.299,577.206,356152.439
2001 September,152449.852,6925.826,53011.705,47.394,63378.451,15009.421,701.535,1063.869,1139.01,64.803,490.229,293881.677
2001 October,147218.337,6081.118,49147.153,44.011,60460.967,15024.444,630.715,1077.336,1161.727,20.813,606.829,281390.749
2001 November,142472.721,5520.169,37493.802,46.01,62341.711,15211.317,654.746,1047.722,1157.17,14.289,470.448,266155.371
2001 December,155711.485,6081.876,40147.146,59.629,67430.878,19075.95,700.976,1097.414,1190.232,4.036,615.657,292062.57
2002 January,162520.952,6264.842,40827.445,201.305,70925.863,21498.33,805.323,1084.051,1287.483,11.32,811.402,306171.074
2002 February,141429.883,5300.406,37533.119,106.794,61658.274,19911.735,652.446,954.592,1132.195,23.565,713.931,269476.163
2002 March,149724.027,7826.112,43875.369,160.472,63040.647,20731.744,776.018,1093.628,1244.968,44.397,852.102,289322.378
2002 April,140497.99,7463.229,42700.533,130.859,58437.062,23929.248,660.789,1018.014,1114.735,45.858,1024.417,277126.362
2002 May,149646.226,7766.518,43200.381,128.366,63032.192,26375.039,701.791,1089.455,1215.874,57.64,1077.641,294517.218
2002 June,162736.26,7427.938,58686.294,140.379,66371.896,27957.118,748.668,1140.337,1150.799,95.543,1126.316,327552.617
2002 July,181001.267,9503.932,76390.914,197.847,70420.827,25196.104,800.944,1203.936,1262.246,85.537,890.455,366979.526
2002 August,177961.921,9349.812,76935.97,201.698,70777.688,20805.83,779.345,1211.007,1227.097,74.925,976.691,360350.959
2002 September,163497.093,7702.867,61381.09,181.046,64480.79,16838.834,807.506,1112.876,1195.081,52.608,735.829,317976.124
2002 October,157194.815,7690.444,47931.718,170.689,60493.052,16827.692,738.549,1061.666,1235.076,30.956,734.355,294096.127
2002 November,154171.746,5816.874,38736.618,164.627,61520.324,19281.652,755.575,1047.148,1189.365,28.175,655.947,283373.892
2002 December,170230.632,7620.294,39483.793,185.769,68905.472,21138.061,782.372,1128.311,1236.391,4.307,755.194,311515.511
2003 January,179356.205,12090.287,42546.203,265.779,69211.084,20238.755,862.923,1156.081,1257.64,13.217,632.339,327445.552
2003 February,155283.289,10312.614,37040.553,237.334,60941.869,19473.938,762.737,1012.687,1130.352,17.83,745.375,286699.229
2003 March,153322.956,9746.795,39959.137,228.992,59933.261,23830.133,784.222,1163.717,1212.859,50.027,1036.104,291086.055
2003 April,140368.836,8152.092,38725.144,243.336,56775.591,24512.34,729.953,1139.688,1166.455,60.309,1092.766,273016.143
2003 May,148573.997,7602.584,42536.347,251.206,62201.96,29002.86,669.488,1144.658,1168.695,67.962,1006.383,294240.978
2003 June,160558.842,10512.538,47554.342,204.767,64180.727,28217.145,743.069,1131.965,1222.791,90.682,1047.145,315306.203
2003 July,180005.823,11681.525,69623.298,212.116,69652.754,24472.351,883.362,1227.622,1227.969,62.407,953.396,360115.67
2003 August,183469.256,11984.963,75772.889,203.357,69023.878,22596.952,887.649,1211.507,1219.447,61.992,815.429,367420.217
2003 September,163243.213,8222.075,52177.603,204.509,63583.645,18143.748,800.459,1141.535,1203.498,55.857,895.054,309751.465
2003 October,157577.568,8118.788,45022.385,180.906,60016.207,18092.996,787.885,1112.056,1195.451,35.436,897.161,293288.828
2003 November,156536.197,6080.397,38942.101,209.829,59600.02,19362.887,793.737,1127.186,1151.237,14.031,961.433,284902.426
2003 December,174417.644,9192.542,37403.387,204.963,68611.699,23567.553,822.193,1238.93,1267.837,4.251,1104.881,317886.508
2004 January,178714.851,14534.853,41225.862,250.52,70806.16,22650.527,845.834,1066.624,1294.777,12.61,999.445,332296.45
2004 February,159782.9,8801.184,43660.996,276.58,64101.949,20626.488,800.335,1031.327,1214.123,10.862,1021.569,301278.003
2004 March,152551.421,9200.141,43021.771,286.939,63285.116,22628.665,810.511,1097.365,1241.004,52.929,1291.224,295507.578
2004 April,139830.581,8566.97,45313.735,310.721,58620.255,20670.046,696.376,1085.269,1161.384,56.902,1294.857,277603.289
2004 May,155287.538,9755.293,54948.335,322.218,64917.412,23810.747,719.82,1138.474,1207.536,81.776,1701.651,313916.053
2004 June,165842.103,10328.212,57732.388,308.112,67734.073,25051.758,736.521,1100.804,1224.702,87.876,1397.206,331530.503
2004 July,179599.998,11540.972,71760.175,325.238,71975.04,23112.612,896.748,1116.936,1277.531,82.103,1164.37,362932
2004 August,176372.529,10585.18,70521.528,292.727,71068.483,21364.174,888.565,1115.192,1257.163,72.846,1050.719,354508.524
2004 September,162593.099,8266.733,60912.066,313.824,65932.057,20206.461,819.031,1060.636,1188.383,60.632,1089.615,322329.232
2004 October,155903.778,7270.965,50715.801,285.772,62530.352,18564.343,821.072,1072.483,1276.349,33.521,1028.873,299475.998
2004 November,155766.731,6427.659,43152.602,305.557,58940.863,20580.649,784.625,1075.963,1212.013,15.342,932.203,289207.933
2004 December,174942.182,9400.145,44206.362,290.024,68616.627,25797.379,916.965,1100.714,1256.009,7.758,1172.009,327774.834
2005 January,175247.522,11527.956,44878.568,302.052,69828.239,23922.186,896.123,1069.189,1252.144,8.668,1131.569,329895.647
2005 February,154168.211,6845.047,38991.53,300.455,60946.934,21331.317,835.301,946.057,1063.014,13.082,966.482,286565.978
2005 March,161863.022,7872.84,45469.895,378.351,61538.53,22632.35,906.814,1080.622,1204.252,38.157,1560.626,304624.161
2005 April,141460.358,6485.738,45942.591,328.152,55484.01,22771.14,716.688,1040.87,1187.134,58.263,1697.504,277402.053
2005 May,152345.331,6322.758,48412.051,327.788,62970.464,27003.462,787.425,1144.72,1264.308,81.153,1746.43,302523.265
2005 June,173147.214,10359.585,68531.965,300.763,66144.275,26480.081,857.679,1118.968,1248.056,88.476,1796.924,350246.49
2005 July,184212.948,12490.993,88976.827,298.774,71070.011,25662.08,980.03,1168.419,1272.697,72.329,1420.942,387629.704
2005 August,185729.956,14027.617,92876.74,288.917,71381.55,21342.963,995.073,1138.054,1253.785,75.845,1138.032,390257.782
2005 September,169922.065,11857.298,67093.384,290.055,66738.979,17143.174,918.48,1074.053,1222.659,61.108,1468.347,337681.474
2005 October,160731.395,9728.024,50865.467,311.686,61235.597,17781.249,858.296,1020.758,1247.204,37.665,1446.19,305200.52
2005 November,157091.052,6445.689,43987.558,304.693,62912.709,19124.366,861.102,1095.724,1219.61,12.755,1609.691,294691.132
2005 December,176134.804,12518.307,47802.35,345.469,71735.067,21845.408,956.876,1133.649,1256.88,2.793,1827.814,335473.688
2006 January,167478.176,5689.891,36949.147,343.103,71911.532,27067.062,924.575,1192.601,1229.567,12.935,2382.633,315253.774
2006 February,157015.046,4525.106,41293.567,302.383,62615.654,24469.271,862.242,1094.457,1110.817,19.533,1921.958,295332.874
2006 March,159588.963,3622.57,48452.683,348.749,63720.849,24402.03,898.876,1186.85,1261.29,33.404,2358.632,306041.06
2006 April,139729.958,4348.614,50049.901,343.651,57567.204,28360.99,685.351,1053.356,1129.089,52.074,2471.762,285788.326
2006 May,155290.028,4075,58634.869,414.466,62775.701,30627.686,759.437,1170.82,1095.602,70.735,2458.683,317522.038
2006 June,167906.785,5427.764,74183.973,374.524,68391.472,29571.103,841.141,1154.57,1199.177,69.702,2051.766,351360.363
2006 July,185951.209,6648.414,100468.983,378.48,72186.494,25216.498,919.135,1216.424,1261.352,61.656,1955.064,396262.703
2006 August,187576.335,7970.018,98905.403,411.917,72016.095,21545.687,975.727,1209.891,1288.959,82.993,1655.187,393588.836
2006 September,159899.187,4289.518,65915.722,334.578,66642.327,16996.491,870.789,1134.446,1219.458,53.99,1879.144,319180.626
2006 October,159674.126,4595.537,63532.326,330.61,57509.306,16773.581,850.077,1150.172,1275.227,32.283,2442.13,308218.134
2006 November,157817.29,4393.661,46949.934,331.083,61392.321,19903.375,852.275,1173.183,1207.438,15.686,2540.489,296571.461
2006 December,171810.042,4122.143,49080.366,339.983,70489.681,21320.148,901.857,1190.661,1290.052,2.713,2471.69,322956.851
2007 January,174252.799,5573.683,53808.57,375.015,74006.184,25853.423,1144.975,1184.001,1295.617,12.842,2452.315,339968.334
2007 February,162199.173,8427.406,51626.42,312.291,65224.794,18419.99,844.965,1037.379,1122.49,19.244,2519.793,311810.434
2007 March,158273.044,4988.035,50025.564,344.549,64305.153,23969.348,838.875,1181.665,1204.13,48.488,3047.092,308330.666
2007 April,144798.894,4673.213,54126.274,314.896,57301.424,23694.39,727.135,1081.385,1157.975,54.464,3171.703,291254.202
2007 May,155991.34,4474.645,59991.154,315.916,65024.555,25867.369,792.926,1164.936,1154.708,84.192,2952.341,317825.644
2007 June,171993.816,5417.058,74887.707,330.828,68923.074,22690.273,887.723,1209.221,1238.178,84.458,2620.416,350338.575
2007 July,183483.472,5141.653,90156.891,338.932,72738.535,22387.101,938.727,1248.217,1250.382,85.793,2158.372,379914.11
2007 August,188516.118,6815.204,113394.841,340.802,72750.91,19864.682,962.285,1253.263,1254.578,75.163,2699.365,407865.177
2007 September,167888.405,4650.261,81510.923,321.515,67578.578,14665.919,905.698,1219.704,1217.726,68.212,2866.722,342712.535
2007 October,160696.139,4446.107,71320.587,378.881,61689.542,14696.096,868.053,1227.616,1264.546,49.233,3376.54,319829.8
2007 November,157935.6,2835.109,54031.424,331.722,64899.278,15554.257,881.84,1225.121,1210.973,24.302,3095.036,301907.425
2007 December,172361.497,3863.941,59871.551,336.784,71982.726,18179.868,918.085,1261.796,1265.909,5.402,3490.232,333586.346
2008 January,181336.696,4145.073,65196.676,293.022,70734.57,20611.016,959.886,1228.848,1208.838,16.288,4273.185,349836.222
2008 February,165343.004,3376.785,53459.813,247.146,65130.385,18626.748,872.198,1168.911,1086.683,35.838,3851.749,313291.799
2008 March,159283.729,2855.927,55499.442,274.09,64716.468,21484.681,884.995,1285.34,1250.801,74.593,4782.02,312409.957
2008 April,145586.621,3141.496,56765.074,280.431,57332.716,22050.355,754.395,1301.5,1218.121,94.132,5225.282,294202.549
2008 May,153472.66,3154.704,55664.508,312.022,64825.901,27045.787,752.642,1282.856,1258.915,98.735,5340.284,313215.568
2008 June,169600.094,4676.269,77684.894,324.926,70319.366,29043.352,883.452,1308.642,1260.302,128.152,5140.376,360611.979
2008 July,185208.307,3904.348,92534.204,342.352,74318.27,25428.544,987.689,1384.095,1278.754,110.868,4008.401,389317.581
2008 August,179081.504,3553.728,92025.284,315.727,72617.066,21111.171,982.5,1324.935,1272.715,105.272,3264.406,375611.66
2008 September,159933.077,3888.301,73270.237,192.972,67053.867,16080.543,894.18,1246.066,1233.687,92.588,3111.452,327021.476
2008 October,150463.61,3030.362,66623.548,221.199,62820.353,15371.753,801.727,1286.443,1276.855,60.238,4756.401,306769.102
2008 November,153016.19,3104.537,55481.553,171.812,63408.145,15545.903,910.693,1253.203,1233.292,28.845,4993.646,299221.881
2008 December,166512.092,4049.69,58166.278,224.004,72931.328,20695.686,953.304,1307.881,1261.013,18.686,6615.899,332839.162
2009 January,170625.513,5735.916,59968.604,219.738,74102.489,23316.494,989.683,1256.06,1288.81,7.19,5950.812,343516.097
2009 February,139742.743,2998.896,56163.926,212.652,64227.211,17662.097,902.583,1178.422,1167.779,30.442,5852.151,290220.812
2009 March,134313.758,3076.896,61836.789,239.753,67240.567,21623.957,862.381,1343.15,1300.335,78.103,7099.043,299257.154
2009 April,124802.774,2557.206,55300.721,231.11,59408.407,25570.066,721.423,1334.147,1222.104,99.411,7457.674,278993.974
2009 May,130526.754,2964.667,62125.224,233.621,65395.452,29364.088,749.064,1322.9,1235.186,110.419,6261.944,300495.722
2009 June,146844.98,2993.508,77591.126,252.839,69734.736,29055.461,927.844,1357.896,1208.799,103.407,5599.407,336010.537
2009 July,156943.112,3110.772,94487.312,288.219,72948.979,23242.949,976.451,1417.205,1255.4,121.182,4954.93,359841.651
2009 August,161916.545,3390.51,101635.828,277.981,72244.597,19443.567,1021.358,1395.229,1251.219,116.285,5464.46,368138.717
2009 September,135949.798,2606.674,84942.066,297.752,65751.794,17262.643,891.407,1301.313,1216.783,94.99,4650.692,315162.77
2009 October,138667.06,2339.805,65852.375,279.764,58020.927,19552.09,825.045,1314.946,1221.079,68.098,6813.608,295092.539
2009 November,135643.906,1846.265,56734.611,255.736,59069.208,20864.873,866.176,1345.062,1273.265,40.401,6875.162,285011.875
2009 December,165146.083,2189.912,64367.07,268.641,70710.218,24547.608,1004.498,1387.515,1367.9,21.208,6906.041,338095.449
2010 January,171660.23,4110.642,66846.916,275.419,72569.341,22207.396,1010.895,1294.079,1311.84,9.838,6853.068,348128.123
2010 February,151461.095,2165.584,59555.87,247.282,65245.37,20421.122,926.439,1206.59,1159.038,32.766,5430.995,307993.573
2010 March,142664.919,2299.006,56491.681,274.753,64634.721,20690.727,939.278,1391.002,1306.596,75.858,8587.545,299570.778
2010 April,125614.64,2108.936,58123.504,272.972,57611.073,18898.49,836.766,1334.212,1240.251,112.093,9762.845,276121.274
2010 May,141669.249,2801.33,66862.133,279.118,66658.365,24903.212,829.926,1359.219,1310.548,152.91,8696.024,315655.68
2010 June,163912.106,3792.107,85033.288,264.579,68301.322,29710.671,954.839,1409.413,1263.676,175.107,8047.996,362984.971
2010 July,177777.932,4199.306,106960.747,267.156,71913.468,24405.175,1060.589,1419.061,1273.616,160.517,6722.928,396195.408
2010 August,175848.474,3375.316,112960.941,248.971,71574.103,20019.365,1074.386,1412.837,1296.912,155.55,6684.777,394650.743
2010 September,147157.217,2608.186,85497.765,240.392,69371.195,17187.552,973.715,1364.429,1252.569,136.867,7104.319,333057.44
2010 October,130662.656,2037.048,70876.258,170.251,62750.833,17561.478,886.688,1330.059,1222,74.937,7942.198,295646.044
2010 November,133815.364,1879.483,62305.479,218.91,62655.206,19425.593,933.898,1412.355,1252.33,76.341,9745.848,293833.369
2010 December,165493.662,3301.781,69874.833,207.676,73683.304,23024.143,1018.366,1443.03,1329.837,42.83,9057.633,348548.635
2011 January,169390.428,3229.362,66932.337,242.87,72742.813,25386.279,980.674,1247.065,1346.945,37.317,8547.185,350000.667
2011 February,137082.332,2255.24,59379.823,207.305,64789.078,23969.663,885.825,1179.944,1215.006,80.875,10447.502,301631.878
2011 March,133583.554,2525.729,59361.715,251.557,65661.598,30944.533,897.456,1298.874,1337.484,116.353,10540.223,306808.038
2011 April,123271.719,2257.015,63256.726,243.614,54547.338,31007.715,705.119,1250.993,1239.063,155.268,12416.544,290519.298
2011 May,135820.363,2218.093,68174.639,241.533,57012.914,32386.101,759.88,1295.63,1317.548,180.639,11767.314,311402.504
2011 June,156716.15,2438.455,83426.133,259.168,65270.134,31998.723,935.771,1364.62,1214.562,210.369,10980.752,354928.705
2011 July,175129.232,3005.887,111502.21,262.145,72344.85,31173.148,1047.808,1413.456,1269.04,180.582,7485.665,404801.734
2011 August,169798.386,2449.307,111539.534,264.029,71338.566,25665.968,1038.275,1407.162,1274.632,217.653,7470.655,392441.199
2011 September,139648.363,2271.616,84299.595,252.309,66848.854,21254.039,916.361,1319.042,1225.547,177.315,6865.5,325112.596
2011 October,125441.682,1894.066,71962.168,240.409,63336.97,19659.526,807.071,1354.498,1280.628,151.2,10519.093,296675.513
2011 November,120322.853,1632.438,68262.278,227.475,64473.88,20532.639,799.611,1402.9,1271.218,103.049,12431.199,291639.368
2011 December,131685.671,2024.952,78193.218,246.711,71837.372,23552.188,958.769,1455.315,1324.395,116.662,10649.244,322224.71
2012 January,127873.502,2132.002,83122.265,262.924,72381.186,22829.56,971.403,1353.207,1263.252,91.177,13624.289,326186.446
2012 February,112773.619,1672.38,83307.869,255.979,63847.023,20040.899,912.18,1249.808,1193.33,129.102,11045.455,296790.212
2012 March,104410.422,1303.815,85000.984,261.003,61728.613,25672.166,892.487,1353.427,1285.149,221.34,14019.244,296497.938
2012 April,95284.3,1286.544,87748.036,254.327,55870.931,26113.365,715.886,1317.045,1248.299,304.907,12701.961,283181.82
2012 May,114929.688,1526.776,99625.294,244.059,62081.445,28427.488,813.215,1386.077,1303.996,445.155,12535.01,323599.246
2012 June,130147.235,1839.836,107684.977,253.147,65140.085,26481.879,934.635,1369.108,1277.48,507.994,11966.928,347760.066
2012 July,159177.892,2086.49,130133.133,265.669,69129.329,26351.88,1046.939,1443.856,1320.648,491.553,8817.833,400314.714
2012 August,150940.993,1820.821,123159.522,266.105,69602.111,22880.059,1059.636,1432.186,1303.839,444.966,8465.203,381493.627
2012 September,124495.93,1595.332,100267.03,231.716,64510.882,17442.932,948.934,1362.205,1299.983,438.986,8785.174,321586.063
2012 October,119952.488,1556.107,84207.048,224.996,59743.218,16306.084,875.631,1422.149,1329.149,415.015,12628.36,298905.101
2012 November,127647.76,1514.587,72601.394,211.251,56712.757,18517.724,911.16,1388.559,1347.052,335.154,11642.313,293046.324
2012 December,132923.026,1737.065,75933.53,253.195,68583.669,22795.464,968.257,1477.731,1390.249,338.691,14516.935,320996.338
2013 January,136952.224,2501.174,80389.223,384.801,71405.817,24501.076,1011.514,1379.76,1381.88,299.864,14729.376,335061.733
2013 February,122483.696,1817.759,72969.846,324.65,61483.385,20051.157,891.043,1231.486,1236.235,416.872,14068.169,297198.48
2013 March,129469.24,1779.261,76764.98,318.032,62947.389,20227.724,987.493,1446.233,1378.216,596.287,15747.704,311827.945
2013 April,110786.244,1668.736,70626.388,322.021,56766.882,24842.499,776.113,1357.199,1274.158,639.869,17468.26,286806.613
2013 May,118379.725,2148.6,76243.906,367.403,62848.155,28117.624,917.881,1452.128,1307.711,723.667,16229.626,309027.663
2013 June,137160.145,2098.348,91671.51,348.538,66429.69,27051.113,993.19,1403.504,1278.254,839.25,13741.551,343286.221
2013 July,151653.145,2553.012,111958.904,380.894,70539.238,26929.155,1092.573,1450.307,1336.882,799.39,11088.176,380108.233
2013 August,148288.398,2196.618,112603.19,376.359,71344.379,21389.403,1201.893,1494.35,1322.436,913.539,9629.477,370943.02
2013 September,132046.768,1971.739,94193.41,372.785,65798.971,16719.154,1088.986,1391.266,1299.3,916.882,11667.873,327638.094
2013 October,119942.622,1808.588,80871.842,404.629,63183.533,16957.971,1040.149,1392.628,1363.499,954.478,13626.692,301782.239
2013 November,119857.61,1695.943,76366.521,366.519,64975.456,17468.531,1108.319,1432.796,1230.481,798.631,15789.997,301287.326
2013 December,140702.679,2269.884,84289.053,355.614,71293.578,20803.04,1193.339,1486.327,1365.619,825.754,13954.808,338747.758
2014 January,155916.303,6784.053,82969.115,266.09,73162.609,21510.051,1272.916,1490.44,1355.016,734.035,17894.628,363645.402
2014 February,142217.613,2577.787,68729.632,210.834,62638.95,17288.943,1149.933,1384.642,1206.13,813.912,13996.556,312275.82
2014 March,135290.235,2998.752,70517.286,214.779,62397.08,24138.771,1291.08,1514.03,1337.666,1286.46,17722.091,318914.085
2014 April,108278.679,1583.358,69583.346,230.624,56384.588,25309.511,1039.605,1466.149,1313.535,1452.902,18621.253,285453.096
2014 May,117738.378,1870.214,81644.871,282.722,62947.43,26410.381,1006.68,1519.914,1332.361,1710.134,15590.568,312071.582
2014 June,136469.816,1845.144,90902.463,257.422,68138.232,25640.481,1316.899,1490.824,1293.375,1882.789,15786.207,344988.334
2014 July,148472.187,1867.476,106695.52,282.972,71940.126,24264.937,1374.42,1574.071,1319.572,1748.222,12176.417,371817.35
2014 August,147328.991,1872.887,113909.793,315.163,71128.746,19708.479,1371.635,1525.563,1329.209,1838.701,10162.132,370304.205
2014 September,125061.692,1777.295,98690.158,298.07,67534.5,15985.802,1287.625,1438.709,1307.519,1795.427,11509.814,326755.999
2014 October,110322.186,1367.937,90053.412,334.352,62390.988,17063.468,1238.377,1392.559,1345.091,1679.931,14492.259,301846.823
2014 November,118117.548,1576.886,76710.62,301.603,65140.185,18523.868,1330.701,1372.826,1362.469,1350.916,18847.512,304738.001
2014 December,123560.732,1921.1,82766.11,363.469,73362.548,22201.519,1346.807,1431.863,1374.999,1010.708,14696.468,324192.576
2015 January,131430.696,2788.886,93449.617,394.292,74269.974,24014.015,1307.112,1410.644,1361.915,1134.15,15146.256,346757.802
2015 February,126023.568,6073.587,84206.929,328.736,63461.493,22178.869,1233.983,1260.97,1260.099,1459.34,14907.638,322472.692
2015 March,107471.004,1644.007,92110.335,326.756,64546.799,24147.991,1227.271,1393.227,1393.994,2037.34,15292.972,311740.559
2015 April,88146.966,1570.169,85827.666,289.745,59784.495,22330.535,1024.835,1401.609,1272.428,2337.816,17850.459,282197.271
2015 May,103671.569,1793.702,94123.961,338.099,65826.525,19995.428,1092.983,1482.5,1390.151,2456.089,17136.383,309552.131
2015 June,124677.117,1722.848,113390.101,298.568,68516.165,20296.62,1243.807,1473.026,1301.608,2512.027,13409.566,349067.336
2015 July,138060.486,2185.419,132265.889,310.544,71412.176,20895.901,1365.133,1638.754,1356.727,2579.471,13665.556,385889.462
2015 August,133651.285,2013.18,130314.168,331.483,72415.352,19029.518,1409.59,1586.632,1344.143,2639.368,13070.169,377856.339
2015 September,117005.407,1898.749,114791.658,330.87,66476.372,16015.092,1200.871,1481.05,1202.861,2177.75,13960.95,336617.615
2015 October,95871.51,1657.165,102021.773,228.594,60570.921,16513.242,1046.536,1509.109,1323.032,1875.397,16363.531,299168.139
2015 November,86361.96,1582.663,94132.297,234.142,60263.941,19201.967,1157.127,1564.913,1333.628,1701.544,19663.141,287550.991
2015 December,88621.73,1574.777,101021.814,303.604,69633.664,23016.515,1253.561,1620.497,1376.988,1545.251,20080.163,310423.377
2016 January,112631.908,2162.854,101394.03,370.035,72524.775,25285.257,1235.498,1602.872,1471.42,1491.398,18513.211,339004.085
2016 February,91855.823,2012.725,90440.89,340.546,65638.141,24013.818,1200.114,1422.874,1372.033,2395.394,20183.855,301047.034
2016 March,71254.882,1650.912,95644.626,372.636,66148.894,26872.509,1147.948,1460.689,1460.328,2663.629,21957.493,290840.17
2016 April,71279.404,1716.787,91696.07,329.752,62365.118,25338.796,858.775,1501.271,1339.541,2902.57,20724.306,280202.791
2016 May,80966.378,1778.816,102697.548,295.814,66576.493,25225.835,952.61,1628.649,1475.933,3546.637,18776.288,304263.458
2016 June,115375.132,1816.691,123466.538,364.594,67175.324,22791.097,1139.025,1557.504,1363.693,3544.92,16301.183,355036.062
2016 July,135589.227,2171.777,143001.326,344.787,70349.347,21139.703,1288.502,1595.236,1424.09,4024.45,17577.545,398363.171
2016 August,134907.355,2208.823,146198.689,346.055,71526.405,19266.48,1315.261,1609.992,1443.613,3885.82,13547.546,396002.865
2016 September,113528.903,1799.347,117270.038,368.824,65448.176,16217.009,1159.772,1502.111,1450.62,3623.805,16415.118,338670.225
2016 October,98632.881,1428.769,94515.535,245.6,60733.343,17165.694,919.628,1474.049,1489.09,3145.465,20362.306,300141.301
2016 November,86365.469,1722.557,86157.542,360.616,65178.776,18743.596,973.109,1498.399,1506.593,2659.8,19324.392,284484.339
2016 December,118054.387,1855.431,87834.448,327.075,71662.429,22410.527,1235.224,1642.569,1619.975,2273.231,22969.46,331793.22
2017 January,114722.682,1990.568,82814.98,363.611,73120.612,27568.621,1098.149,1583.292,1540.515,2181.835,20332.837,327532.98
2017 February,86553.188,1513.164,71030.911,344.037,64052.805,24487.561,1076.321,1397.217,1369.313,2533.269,21674.743,276093.474
2017 March,88929.301,1580.869,84712.72,381.751,65093.2,30047.186,1229.994,1462.608,1532.679,4424.576,25575.913,305032.789
2017 April,81165.646,1236.318,78658.93,302.482,56743.352,29089.971,1082.372,1388.011,1502.514,4763.99,25382.112,281440.135