Month,Coal Production,Natural Gas (Dry) Production,Crude Oil Production,Natural Gas Plant Liquids Production,Nuclear Electric Power Production,Hydroelectric Power Production,Geothermal Energy Production,Solar Energy Production,Wind Energy Production,Biomass Energy Production,Total Fossil Fuels Production,Total Renewable Energy Production,Total Primary Energy Production
1973 January,1.166486,1.908249,1.649833,0.210876,0.068103,0.272703,0.001491,0,0,0.129787,4.935444,0.403981,5.407528
1973 February,1.086072,1.922543,1.525783,0.197822,0.064634,0.242199,0.001363,0,0,0.117338,4.73222,0.3609,5.157754
1973 March,1.196571,1.86843,1.667094,0.217711,0.072494,0.26881,0.001412,0,0,0.129938,4.949805,0.400161,5.42246
1973 April,1.11223,1.777561,1.616791,0.212524,0.06407,0.253185,0.001649,0,0,0.125636,4.719106,0.38047,5.163646
1973 May,1.216978,1.859241,1.665377,0.21831,0.062111,0.26077,0.001537,0,0,0.129834,4.959906,0.392141,5.414158
1973 June,1.103861,1.802065,1.603224,0.209742,0.073968,0.249859,0.001763,0,0,0.125611,4.718893,0.377232,5.170093
1973 July,1.034037,1.841884,1.65724,0.218022,0.07589,0.23567,0.001869,0,0,0.129787,4.751184,0.367325,5.194399
1973 August,1.319832,1.857199,1.648505,0.219387,0.084883,0.222077,0.001762,0,0,0.129918,5.044923,0.353757,5.483564
1973 September,1.142385,1.803086,1.577362,0.211491,0.085724,0.179733,0.001492,0,0,0.125782,4.734325,0.307006,5.127055
1973 October,1.285586,1.836779,1.658452,0.220444,0.081971,0.191723,0.00176,0,0,0.12997,5.001261,0.323453,5.406685
1973 November,1.178337,1.825548,1.594008,0.215484,0.088773,0.210285,0.001889,0,0,0.125643,4.813377,0.337817,5.239967
1973 December,1.149749,1.886808,1.629568,0.216966,0.087557,0.274435,0.002435,0,0,0.129824,4.88309,0.406694,5.377341
1974 January,1.251148,1.895424,1.60631,0.211267,0.084855,0.304506,0.002154,0,0,0.130807,4.96415,0.437467,5.486471
1974 February,1.16539,1.728512,1.484696,0.1941,0.090577,0.27995,0.001901,0,0,0.118091,4.572698,0.399942,5.063217
1974 March,1.195337,1.860608,1.611977,0.216526,0.097966,0.290582,0.002165,0,0,0.130727,4.884448,0.423474,5.405887
1974 April,1.268152,1.747968,1.55799,0.204048,0.079566,0.293702,0.002039,0,0,0.126583,4.778158,0.422323,5.280047
1974 May,1.343967,1.813504,1.602122,0.210092,0.073242,0.294828,0.00204,0,0,0.130789,4.969686,0.427657,5.470585
1974 June,1.120607,1.709056,1.527761,0.202612,0.079015,0.280695,0.001975,0,0,0.126611,4.560035,0.409281,5.048332
1974 July,1.149793,1.784832,1.578667,0.205981,0.113953,0.276772,0.002191,0,0,0.130756,4.719273,0.409719,5.242945
1974 August,1.209619,1.757184,1.564057,0.208339,0.137654,0.253175,0.002163,0,0,0.130763,4.739199,0.386101,5.262954
1974 September,1.227477,1.723392,1.46907,0.197117,0.12288,0.225274,0.001999,0,0,0.126637,4.617056,0.35391,5.093846
1974 October,1.41053,1.734656,1.548304,0.209647,0.121248,0.210955,0.00203,0,0,0.130718,4.903137,0.343703,5.368087
1974 November,0.791646,1.697792,1.490971,0.203827,0.122819,0.222713,0.002414,0,0,0.126506,4.184237,0.351633,4.658689
1974 December,0.940784,1.757184,1.533068,0.207613,0.148309,0.243428,0.00254,0,0,0.130674,4.438649,0.376642,4.9636
1975 January,1.275523,1.737742,1.520203,0.201252,0.153503,0.263371,0.002117,0,0,0.127269,4.73472,0.392756,5.28098
1975 February,1.198498,1.607054,1.395202,0.183607,0.140232,0.251317,0.002019,0,0,0.114942,4.38436,0.368278,4.89287
1975 March,1.216907,1.697923,1.527123,0.204762,0.163893,0.293961,0.002277,0,0,0.127251,4.646714,0.42349,5.234097
1975 April,1.237491,1.632579,1.471448,0.195439,0.146773,0.279947,0.002281,0,0,0.123139,4.536958,0.405368,5.089098
1975 May,1.292673,1.649936,1.506504,0.198475,0.15158,0.291504,0.002475,0,0,0.127303,4.647588,0.421283,5.22045
1975 June,1.298947,1.595823,1.465219,0.19677,0.140348,0.28531,0.00307,0,0,0.123241,4.556759,0.411622,5.108728
1975 July,1.062764,1.637684,1.498766,0.200236,0.169294,0.268081,0.003091,0,0,0.127288,4.39945,0.398459,4.967204
1975 August,1.197399,1.637684,1.48313,0.203754,0.174883,0.237557,0.003351,0,0,0.127321,4.521966,0.36823,5.065079
1975 September,1.295192,1.565193,1.440656,0.188451,0.158543,0.215793,0.002954,0,0,0.12321,4.489492,0.341957,4.989993
1975 October,1.39571,1.608075,1.496731,0.202873,0.161078,0.238068,0.003406,0,0,0.127312,4.703388,0.368786,5.233253
1975 November,1.248596,1.580508,1.440349,0.195407,0.155988,0.256706,0.00331,0,0,0.12318,4.46486,0.383196,5.004045
1975 December,1.269616,1.689755,1.483988,0.203272,0.183682,0.27299,0.003429,0,0,0.127277,4.64663,0.403696,5.234008
1976 January,1.213441,1.70952,1.480073,0.194779,0.177844,0.273323,0.003403,0,0,0.145049,4.597813,0.421775,5.197432
1976 February,1.239038,1.60752,1.384489,0.188579,0.158824,0.257277,0.0032,0,0,0.135695,4.419626,0.396173,4.974623
1976 March,1.40428,1.67382,1.480148,0.198485,0.15458,0.278567,0.003426,0,0,0.145051,4.756734,0.427044,5.338358
1976 April,1.363644,1.58508,1.405398,0.192179,0.121316,0.253482,0.003086,0,0,0.140363,4.5463,0.396931,5.064547
1976 May,1.336766,1.63302,1.460788,0.1951,0.131784,0.267732,0.002949,0,0,0.145047,4.625674,0.415728,5.173186
1976 June,1.377928,1.6014,1.408431,0.19093,0.174072,0.268088,0.003063,0,0,0.140405,4.578689,0.411555,5.164317
1976 July,1.024087,1.63608,1.461264,0.195584,0.195628,0.273026,0.003311,0,0,0.145088,4.317014,0.421425,4.934068
1976 August,1.239015,1.59732,1.458288,0.196147,0.202851,0.249759,0.00326,0,0,0.14511,4.49077,0.398129,5.091751
1976 September,1.39756,1.52796,1.418036,0.190553,0.191006,0.213376,0.003173,0,0,0.140436,4.53411,0.356984,5.0821
1976 October,1.357336,1.60038,1.44978,0.196698,0.191723,0.22099,0.003082,0,0,0.145114,4.604193,0.369186,5.165102
1976 November,1.354684,1.59732,1.40585,0.192722,0.178235,0.208138,0.002597,0,0,0.140651,4.550577,0.351386,5.080197
1976 December,1.345908,1.71156,1.449298,0.19529,0.233256,0.212507,0.002963,0,0,0.145364,4.702057,0.360834,5.296147
1977 January,1.018424,1.699965,1.412172,0.189286,0.238556,0.219069,0.003232,0,0,0.15622,4.319848,0.378521,4.936925
1977 February,1.122619,1.635642,1.321762,0.175363,0.211078,0.160329,0.002823,0,0,0.141176,4.255386,0.304328,4.770791
1977 March,1.519874,1.711196,1.454512,0.206154,0.222619,0.209549,0.0032,0,0,0.156217,4.891736,0.368966,5.483321
1977 April,1.380722,1.606033,1.417213,0.196719,0.213943,0.197287,0.002854,0,0,0.151161,4.600686,0.351301,5.165931
1977 May,1.423046,1.652999,1.451839,0.197952,0.221834,0.197656,0.003081,0,0,0.156186,4.725836,0.356923,5.304593
1977 June,1.436582,1.611138,1.409736,0.191103,0.23172,0.182303,0.003029,0,0,0.151153,4.648559,0.336485,5.216764
1977 July,1.131161,1.635642,1.457215,0.196597,0.235032,0.177779,0.003204,0,0,0.15592,4.420615,0.336903,4.992549
1977 August,1.315823,1.607054,1.493558,0.194575,0.244991,0.176863,0.002937,0,0,0.156081,4.61101,0.335881,5.191882
1977 September,1.581361,1.56213,1.475474,0.18745,0.211395,0.173821,0.003144,0,0,0.15111,4.806414,0.328075,5.345884
1977 October,1.542177,1.590718,1.541501,0.199446,0.205053,0.181908,0.003288,0,0,0.156172,4.873842,0.341368,5.420263
1977 November,1.570311,1.569277,1.492792,0.192404,0.209548,0.215864,0.003303,0,0,0.151,4.824784,0.370168,5.404499
1977 December,0.712642,1.686692,1.525963,0.199935,0.255994,0.240826,0.003288,0,0,0.155935,4.125231,0.400048,4.781274
1978 January,0.526477,1.700711,1.50307,0.189389,0.282638,0.262529,0.003326,0,0,0.173128,3.919647,0.438983,4.641268
1978 February,0.538357,1.609001,1.360355,0.171676,0.238869,0.232625,0.002854,0,0,0.156387,3.679389,0.391866,4.310124
1978 March,0.889942,1.704787,1.567879,0.19351,0.245611,0.257965,0.002359,0,0,0.173136,4.356119,0.433459,5.035189
1978 April,1.357373,1.627343,1.534251,0.190578,0.192342,0.265041,0.001989,0,0,0.167349,4.709545,0.434379,5.336265
1978 May,1.566637,1.623267,1.586781,0.186186,0.223373,0.301188,0.001772,0,0,0.172923,4.962872,0.475883,5.662128
1978 June,1.493086,1.583526,1.536849,0.186449,0.242728,0.263109,0.002179,0,0,0.16734,4.79991,0.432628,5.475266
1978 July,1.220436,1.651799,1.574364,0.189589,0.273603,0.256107,0.002441,0,0,0.172912,4.636188,0.431461,5.341252
1978 August,1.464208,1.617153,1.574712,0.189373,0.280082,0.232357,0.002871,0,0,0.173189,4.845446,0.408417,5.533944
1978 September,1.316859,1.537671,1.531258,0.182053,0.242769,0.221801,0.003031,0,0,0.167455,4.567841,0.392287,5.202897
1978 October,1.594759,1.594735,1.585836,0.187411,0.251605,0.204012,0.002254,0,0,0.173169,4.962741,0.379436,5.593782
1978 November,1.583079,1.567222,1.520951,0.18862,0.272438,0.208974,0.002547,0,0,0.167557,4.859872,0.379078,5.511388
1978 December,1.358596,1.668103,1.557346,0.190602,0.278067,0.231275,0.003228,0,0,0.17306,4.774648,0.407564,5.460279
1979 January,1.297706,1.737742,1.523753,0.187637,0.302351,0.262096,0.003099,0,0,0.1826,4.746838,0.447796,5.496985
1979 February,1.230704,1.624411,1.384518,0.172877,0.281883,0.222855,0.002535,0,0,0.165096,4.41251,0.390487,5.08488
1979 March,1.499366,1.721406,1.546483,0.189753,0.264739,0.271516,0.003402,0,0,0.182881,4.957008,0.457799,5.679546
1979 April,1.435641,1.660146,1.488239,0.191129,0.200369,0.265941,0.003146,0,0,0.176844,4.775156,0.445932,5.421456
1979 May,1.560284,1.682608,1.54646,0.192442,0.163455,0.303134,0.003164,0,0,0.182782,4.981794,0.48908,5.634329
1979 June,1.587453,1.611138,1.467104,0.186451,0.174776,0.261646,0.003204,0,0,0.176833,4.852146,0.441683,5.468605
1979 July,1.203422,1.629516,1.503812,0.191806,0.226552,0.238414,0.003398,0,0,0.1827,4.528556,0.424513,5.179621
1979 August,1.608066,1.656062,1.53689,0.193154,0.263316,0.222695,0.003707,0,0,0.182808,4.994172,0.40921,5.666698
1979 September,1.450304,1.60297,1.483019,0.185644,0.237204,0.198794,0.003217,0,0,0.176891,4.721937,0.378903,5.338045
1979 October,1.764054,1.672398,1.550085,0.19703,0.227745,0.211243,0.003607,0,0,0.182752,5.183567,0.397602,5.808914
1979 November,1.538234,1.690776,1.524344,0.198842,0.209477,0.234286,0.003505,0,0,0.176949,4.952196,0.41474,5.576413
1979 December,1.36435,1.787771,1.54889,0.199316,0.223959,0.238063,0.004275,0,0,0.18277,4.900327,0.425109,5.549395
1980 January,1.55995,1.796526,1.559852,0.199998,0.215389,0.265618,0.003495,0,0,0.209829,5.116325,0.478943,5.810657
1980 February,1.469214,1.685718,1.4641,0.187958,0.210277,0.224631,0.003357,0,0,0.19631,4.806989,0.424298,5.441565
1980 March,1.590411,1.80576,1.56397,0.190228,0.218584,0.255676,0.003731,0,0,0.209727,5.15037,0.469134,5.838088
1980 April,1.561384,1.647756,1.511138,0.19141,0.205,0.270552,0.003909,0,0,0.202894,4.911688,0.477356,5.594043
1980 May,1.592429,1.67238,1.552567,0.19599,0.200541,0.303305,0.004603,0,0,0.209548,5.013366,0.517456,5.731363
1980 June,1.599041,1.56465,1.48839,0.183336,0.199859,0.290604,0.004441,0,0,0.202723,4.835417,0.497768,5.533044
1980 July,1.373703,1.594404,1.536791,0.184854,0.229329,0.257106,0.00467,0,0,0.209554,4.689753,0.471331,5.390413
1980 August,1.533164,1.55439,1.512878,0.184357,0.265424,0.214693,0.004991,0,0,0.209675,4.784789,0.429358,5.47957
1980 September,1.542645,1.557468,1.499747,0.177946,0.257127,0.194301,0.004506,0,0,0.202905,4.777806,0.401712,5.436645
1980 October,1.62038,1.62621,1.534036,0.183907,0.267351,0.18773,0.005117,0,0,0.209717,4.964534,0.402564,5.634449
1980 November,1.538902,1.629288,1.478142,0.184408,0.228892,0.201929,0.005002,0,0,0.202945,4.83074,0.409876,5.469508
1980 December,1.616503,1.773954,1.547307,0.189238,0.241396,0.233998,0.004877,0,0,0.209671,5.127001,0.448546,5.816944
1981 January,1.4707,1.729468,1.535469,0.201234,0.26228,0.236553,0.005284,0,0,0.220544,4.936871,0.462381,5.661532
1981 February,1.582039,1.552824,1.397301,0.181949,0.238196,0.223123,0.004671,0,0,0.199248,4.714113,0.427043,5.379351
1981 March,1.745958,1.713036,1.548617,0.197815,0.242709,0.217976,0.005237,0,0,0.220595,5.205427,0.443808,5.891943
1981 April,0.808732,1.652443,1.488906,0.188475,0.227726,0.219717,0.004836,0,0,0.213467,4.138556,0.43802,4.804302
1981 May,0.849935,1.676064,1.528538,0.194133,0.217546,0.2552,0.004791,0,0,0.220433,4.24867,0.480423,4.946639
1981 June,1.373169,1.613417,1.501382,0.187893,0.233457,0.278976,0.004782,0,0,0.213237,4.675861,0.496995,5.406313
1981 July,1.652487,1.641146,1.528288,0.188537,0.254569,0.265656,0.005256,0,0,0.220392,5.010459,0.491304,5.756331
1981 August,1.757469,1.683253,1.5432,0.196689,0.297219,0.228409,0.005191,0,0,0.220428,5.180611,0.454028,5.931858
1981 September,1.82301,1.556932,1.497096,0.190068,0.269115,0.188516,0.005224,0,0,0.21348,5.067105,0.40722,5.743441
1981 October,1.901556,1.621633,1.53961,0.194736,0.226731,0.191231,0.005153,0,0,0.220581,5.257536,0.416966,5.901232
1981 November,1.70828,1.563094,1.493958,0.192155,0.251301,0.200541,0.004498,0,0,0.213437,4.957487,0.418476,5.627264
1981 December,1.703439,1.695577,1.543653,0.193697,0.286743,0.252071,0.004513,0,0,0.22044,5.136365,0.477024,5.900132
1982 January,1.493082,1.709564,1.529999,0.189367,0.284331,0.284215,0.003975,0,0,0.226251,4.922012,0.51444,5.720783
1982 February,1.582727,1.566672,1.413234,0.169421,0.223538,0.281593,0.003656,0,0,0.204375,4.732055,0.489624,5.445216
1982 March,1.866808,1.657136,1.558385,0.188639,0.251971,0.315347,0.00322,0,0,0.226157,5.270968,0.544724,6.067663
1982 April,1.636501,1.563588,1.49488,0.179063,0.241222,0.295061,0.003247,0,0,0.218821,4.874032,0.517128,5.632382
1982 May,1.581793,1.534804,1.561279,0.182224,0.239606,0.295887,0.003773,0,0,0.226135,4.8601,0.525795,5.625501
1982 June,1.594981,1.488544,1.504421,0.175462,0.26604,0.295552,0.004556,0,0,0.218866,4.763409,0.518974,5.548423
1982 July,1.346238,1.509104,1.556708,0.181566,0.281997,0.288273,0.004792,0,0,0.226202,4.593616,0.519267,5.39488
1982 August,1.621179,1.476208,1.552329,0.182981,0.276671,0.252259,0.004776,0,0,0.226168,4.832697,0.483203,5.592571
1982 September,1.511162,1.415556,1.513962,0.176356,0.281149,0.210219,0.004581,0,0,0.218947,4.617037,0.433748,5.331934
1982 October,1.575678,1.44434,1.564521,0.183675,0.257422,0.208623,0.004877,0,0,0.226373,4.768214,0.439874,5.465509
1982 November,1.424519,1.45976,1.513324,0.186852,0.257281,0.245861,0.005122,0,0,0.218948,4.584456,0.46993,5.311667
1982 December,1.404082,1.493684,1.545903,0.195471,0.269921,0.292668,0.004053,0,0,0.22621,4.63914,0.52293,5.431991
1983 January,1.383344,1.571403,1.563703,0.187977,0.273422,0.310615,0.005087,0,0.000002,0.246575,4.706427,0.562279,5.542128
1983 February,1.337542,1.363498,1.422375,0.169338,0.242067,0.296625,0.003913,0,0,0.222738,4.292753,0.523276,5.058096
1983 March,1.519295,1.402675,1.564295,0.183335,0.260523,0.32173,0.00451,0,0.000003,0.24661,4.6696,0.572853,5.502976
1983 April,1.36363,1.374733,1.52696,0.173392,0.243561,0.318603,0.004227,0,0.000002,0.238625,4.438715,0.561458,5.243734
1983 May,1.393885,1.371321,1.551935,0.177696,0.240465,0.331656,0.003434,0,0.000003,0.246647,4.494837,0.581741,5.317043
1983 June,1.362747,1.328297,1.508081,0.17535,0.263376,0.326237,0.004518,0,0.000002,0.238736,4.374476,0.569493,5.207345
1983 July,1.217557,1.376296,1.552759,0.18312,0.279191,0.298715,0.005627,0,0.000001,0.246651,4.329732,0.550993,5.159916
1983 August,1.616213,1.352142,1.560507,0.185846,0.285725,0.274189,0.007404,0,0,0.246695,4.714708,0.528288,5.528722
1983 September,1.55052,1.287393,1.528474,0.184495,0.272705,0.23065,0.006764,0,0.000004,0.238755,4.550882,0.476173,5.299761
1983 October,1.582319,1.353075,1.576962,0.190841,0.281314,0.220423,0.007091,0,0.000005,0.246732,4.703196,0.474251,5.458761
1983 November,1.51462,1.349385,1.526044,0.188936,0.272735,0.26194,0.006311,0,0.000004,0.23878,4.578985,0.507035,5.358755
1983 December,1.404999,1.46317,1.509699,0.183781,0.287465,0.335876,0.005025,0,0.000001,0.246871,4.561649,0.587773,5.436887
1984 January,1.494935,1.70249,1.594432,0.185709,0.317844,0.313504,0.005094,-0.000001,0,0.251483,4.977566,0.570081,5.865491
1984 February,1.621477,1.478481,1.492671,0.18078,0.308326,0.293845,0.006222,0.000001,0.000002,0.235169,4.773409,0.535239,5.616975
1984 March,1.794345,1.521124,1.559208,0.18901,0.296499,0.32067,0.006838,0.000002,0.000002,0.251529,5.063687,0.57904,5.939226
1984 April,1.601246,1.488426,1.542058,0.185202,0.262738,0.315985,0.006748,0.000003,0.000006,0.243277,4.816932,0.566019,5.645689
1984 May,1.784422,1.484727,1.610173,0.190756,0.280471,0.335607,0.006473,0.000007,0.000008,0.251408,5.070078,0.593504,5.944052
1984 June,1.681606,1.437914,1.540306,0.184459,0.274321,0.303719,0.006283,0.00001,0.000006,0.243303,4.844285,0.553321,5.671927
1984 July,1.646026,1.491238,1.597506,0.19304,0.306687,0.289982,0.005997,0.000003,0.000005,0.251632,4.927809,0.547618,5.782114
1984 August,1.999007,1.469435,1.583928,0.193402,0.319793,0.264894,0.007509,0.000009,0.000003,0.251638,5.245772,0.524053,6.089618
1984 September,1.738428,1.400102,1.564828,0.189811,0.316027,0.220536,0.006763,0.00001,0.000005,0.243596,4.893169,0.47091,5.680106
1984 October,1.535976,1.47165,1.601235,0.19485,0.268621,0.220205,0.007424,0.000007,0.000009,0.251974,4.803711,0.47962,5.551952
1984 November,1.417188,1.46868,1.562271,0.191858,0.266462,0.234699,0.007331,0.000004,0.000009,0.244068,4.639997,0.48611,5.392569
1984 December,1.40456,1.593666,1.599623,0.194892,0.334742,0.272166,0.008127,0,0.000013,0.252042,4.79274,0.532347,5.65983
1985 January,1.492863,1.615285,1.571371,0.192482,0.384371,0.290793,0.008086,0.000005,0.000007,0.256315,4.872001,0.555205,5.811577
1985 February,1.47039,1.467027,1.465631,0.173376,0.32729,0.273175,0.007141,-0.000001,0.000011,0.231512,4.576424,0.511838,5.415552
1985 March,1.700255,1.464106,1.635269,0.189232,0.32972,0.260344,0.008314,0.000001,0.000007,0.256336,4.988862,0.525002,5.843584
1985 April,1.673948,1.379719,1.573534,0.181048,0.28104,0.258039,0.007281,0.000013,0.000006,0.247599,4.80825,0.512937,5.602227
1985 May,1.714221,1.365195,1.641939,0.188492,0.304823,0.279498,0.007571,0.000015,0.000004,0.255881,4.909847,0.542968,5.757639
1985 June,1.601684,1.318821,1.569787,0.182773,0.32755,0.252373,0.007294,0.000016,0.000004,0.247643,4.673066,0.50733,5.507946
1985 July,1.514022,1.350741,1.608978,0.185432,0.373727,0.225387,0.008019,0.000011,0.000001,0.256159,4.659173,0.489577,5.522476
1985 August,1.741329,1.347676,1.58271,0.188549,0.369775,0.211206,0.008381,0.000021,0.000004,0.256301,4.860263,0.475912,5.70595
1985 September,1.617873,1.320837,1.557938,0.180266,0.366541,0.198288,0.007966,0.000014,0.000009,0.247997,4.676914,0.454274,5.497729
1985 October,1.753049,1.376261,1.612794,0.190422,0.331461,0.211589,0.007626,0.00001,0.000005,0.256175,4.932527,0.475406,5.739394
1985 November,1.514883,1.380646,1.548942,0.190018,0.320428,0.242115,0.009416,0.000003,0.000002,0.24807,4.634488,0.499606,5.454522
1985 December,1.530649,1.594066,1.623513,0.198681,0.358837,0.267386,0.010325,0.000002,0.000001,0.256246,4.946909,0.53396,5.839706
1986 January,1.711531,1.590844,1.642838,0.201359,0.383159,0.226352,0.010526,0.000007,0.000002,0.249178,5.146572,0.486064,6.015796
1986 February,1.588455,1.379224,1.489759,0.180339,0.346156,0.245152,0.00904,0.000006,0.000002,0.224922,4.637777,0.479122,5.463055
1986 March,1.695601,1.464062,1.620595,0.18884,0.325549,0.30028,0.009403,0.000011,0.000007,0.248837,4.969098,0.558538,5.853185
1986 April,1.636466,1.315141,1.542319,0.17347,0.322413,0.290609,0.008479,0.000014,0.000006,0.240788,4.667395,0.539897,5.529705
1986 May,1.597618,1.340462,1.588991,0.181599,0.337725,0.287656,0.008568,0.000019,0.000008,0.248822,4.708671,0.545072,5.591468
1986 June,1.586797,1.282181,1.50046,0.171302,0.331481,0.27726,0.009295,0.000015,0.000005,0.240837,4.54074,0.527412,5.399633
1986 July,1.48125,1.323357,1.556998,0.177426,0.379718,0.254396,0.009862,0.000017,0.000005,0.249011,4.539031,0.513292,5.432042
1986 August,1.671805,1.32336,1.505564,0.170045,0.396534,0.22381,0.009839,0.000017,0.000005,0.249176,4.670774,0.482847,5.550155
1986 September,1.638899,1.258956,1.449089,0.167258,0.387113,0.222779,0.008245,0.000015,0.000001,0.241074,4.514203,0.472114,5.37343
1986 October,1.750646,1.333276,1.513707,0.173819,0.383103,0.225018,0.008105,0.000013,0.000002,0.248974,4.771448,0.482113,5.636664
1986 November,1.538049,1.414165,1.463769,0.178774,0.369674,0.244175,0.007015,0.000009,0,0.241122,4.594758,0.492321,5.456753
1986 December,1.612349,1.515772,1.501771,0.184872,0.417484,0.273692,0.009299,0.000003,0,0.249352,4.814764,0.532346,5.764595
1987 January,1.637161,1.586308,1.52475,0.186605,0.417417,0.267809,0.009317,0.000001,0.000001,0.244137,4.934824,0.521265,5.873506
1987 February,1.570964,1.425523,1.362304,0.172344,0.382159,0.223722,0.00864,0.000006,0,0.220511,4.531135,0.452878,5.366172
1987 March,1.66293,1.505676,1.521908,0.188408,0.389382,0.245143,0.009473,0.000009,0,0.244157,4.878922,0.498782,5.767087
1987 April,1.557431,1.403143,1.478681,0.181405,0.349992,0.232573,0.008929,0.000013,0.000002,0.236139,4.620659,0.477656,5.448308
1987 May,1.550039,1.387096,1.498871,0.186967,0.358374,0.255627,0.009382,0.000013,0.000003,0.244007,4.622972,0.509032,5.490378
1987 June,1.689563,1.328514,1.440465,0.180127,0.38176,0.220689,0.009635,0.000017,0.00001,0.236522,4.638669,0.466873,5.487303
1987 July,1.529582,1.347142,1.483536,0.186537,0.41826,0.21334,0.009961,0.000019,0.000013,0.244359,4.546796,0.467691,5.432748
1987 August,1.769251,1.371097,1.476146,0.185259,0.431801,0.194652,0.009923,0.000012,0.000002,0.244396,4.801754,0.448986,5.68254
1987 September,1.808062,1.307841,1.427745,0.1805,0.414191,0.191635,0.009257,0.000008,0.000002,0.236298,4.724148,0.437201,5.57554
1987 October,1.885113,1.422251,1.503778,0.188945,0.381045,0.189215,0.009375,0.000006,0.000001,0.244059,5.000087,0.442655,5.823786
1987 November,1.73714,1.464474,1.461107,0.186788,0.390924,0.177943,0.009064,0.000003,0.000001,0.236197,4.84951,0.423208,5.663642
1987 December,1.743868,1.586754,1.495495,0.191151,0.438627,0.222161,0.009312,0.000002,0.000002,0.244104,5.017268,0.47558,5.931475
1988 January,1.649486,1.633857,1.483309,0.185968,0.473469,0.230477,0.009312,0.000005,0.000007,0.255331,4.952621,0.495132,5.921222
1988 February,1.681541,1.487722,1.408518,0.176879,0.447892,0.199789,0.008013,0.000008,0,0.238853,4.75466,0.446663,5.649215
1988 March,1.838611,1.551993,1.505605,0.192755,0.465555,0.204359,0.009341,0.000013,0,0.255385,5.088963,0.469098,6.023617
1988 April,1.650325,1.42074,1.442048,0.18441,0.424786,0.200293,0.008454,0.000005,0,0.247241,4.697524,0.455993,5.578302
1988 May,1.621095,1.454528,1.479516,0.19168,0.430975,0.222701,0.00831,0.000013,0,0.255188,4.746819,0.486212,5.664006
1988 June,1.674653,1.382694,1.421592,0.184213,0.467326,0.197723,0.008815,0.000014,0,0.24734,4.663151,0.453891,5.584369
1988 July,1.515623,1.40097,1.445528,0.190593,0.528281,0.17742,0.009589,0.000012,0,0.255582,4.552714,0.442602,5.523597
1988 August,1.932989,1.420649,1.452662,0.190365,0.519872,0.172238,0.009149,0.000012,0,0.255815,4.996664,0.437214,5.95375
1988 September,1.824305,1.340479,1.373713,0.184794,0.49056,0.170174,0.008772,0.00001,0,0.247357,4.723291,0.426312,5.640163
1988 October,1.772923,1.456516,1.442483,0.195685,0.451551,0.158144,0.008939,0.000001,0,0.255517,4.867607,0.422602,5.74176
1988 November,1.817499,1.483904,1.39606,0.189973,0.419662,0.192932,0.008874,0.000001,0,0.247096,4.887437,0.448903,5.756002
1988 December,1.758589,1.564545,1.427896,0.192516,0.467038,0.208016,0.00877,0.000001,0.000001,0.255345,4.943546,0.472132,5.882716
1989 January,1.793202,1.584724,1.427124,0.19741,0.490288,0.22404,0.014134,0.002881,0.001521,0.266572,5.00246,0.509146,6.001894
1989 February,1.64259,1.464457,1.264843,0.172151,0.409824,0.19931,0.012761,0.003105,0.002331,0.243927,4.544041,0.461434,5.415299
1989 March,1.947441,1.552134,1.361967,0.195708,0.419471,0.242358,0.015001,0.00437,0.002671,0.268315,5.057249,0.532715,6.009435
1989 April,1.686912,1.4781,1.35225,0.192146,0.354476,0.257728,0.013095,0.004844,0.002484,0.251946,4.709408,0.530096,5.59398
1989 May,1.802733,1.497715,1.405355,0.192138,0.405739,0.30024,0.013857,0.005238,0.002131,0.241235,4.897941,0.5627,5.86638
1989 June,1.716177,1.436696,1.32664,0.172962,0.454815,0.277046,0.013664,0.005347,0.001631,0.248447,4.652475,0.546135,5.653426
1989 July,1.45087,1.464506,1.338444,0.182829,0.553819,0.242678,0.013872,0.005747,0.001482,0.261318,4.436649,0.525097,5.515565
1989 August,1.989536,1.454001,1.356494,0.178338,0.581511,0.216086,0.013414,0.005594,0.001075,0.276985,4.978368,0.513153,6.073033
1989 September,1.853718,1.383898,1.31333,0.169913,0.474507,0.202515,0.01252,0.00518,0.002923,0.264811,4.720858,0.487948,5.683314
1989 October,1.957229,1.451818,1.34001,0.175292,0.460972,0.214892,0.013157,0.004716,0.001832,0.276462,4.924348,0.511059,5.896379
1989 November,1.89987,1.512263,1.311278,0.1702,0.459296,0.226777,0.012562,0.003884,0.001281,0.276819,4.893611,0.521324,5.874231
1989 December,1.619899,1.566964,1.319148,0.159257,0.537442,0.233595,0.013504,0.00355,0.000671,0.28252,4.665269,0.533841,5.736551
1990 January,1.978864,1.664082,1.356802,0.182588,0.583273,0.253277,0.015036,0.003132,0.003134,0.236692,5.182336,0.511271,6.27688
1990 February,1.792179,1.48246,1.217552,0.168038,0.528705,0.262555,0.013739,0.003395,0.002405,0.226266,4.660229,0.50836,5.697293
1990 March,2.001389,1.572566,1.336515,0.180849,0.487694,0.301333,0.015116,0.004686,0.002551,0.244248,5.091319,0.567934,6.146947
1990 April,1.817216,1.490787,1.288848,0.171138,0.407576,0.276175,0.01208,0.00516,0.004373,0.23264,4.767989,0.530429,5.705994
1990 May,1.890398,1.507534,1.317636,0.178002,0.454445,0.291917,0.01414,0.005863,0.003644,0.210108,4.89357,0.525672,5.873687
1990 June,1.848615,1.465937,1.236416,0.167178,0.490288,0.300121,0.014647,0.005821,0.004227,0.178544,4.718147,0.503361,5.711796
1990 July,1.744221,1.490656,1.289753,0.175854,0.567668,0.257581,0.014779,0.006182,0.001239,0.219713,4.700484,0.499494,5.767646
1990 August,2.007104,1.49638,1.310137,0.186575,0.590033,0.230354,0.014592,0.006146,0.000729,0.245632,5.000195,0.497454,6.087682
1990 September,1.816545,1.433396,1.256945,0.183104,0.513067,0.187254,0.013746,0.005468,0.000947,0.239932,4.689989,0.447348,5.650405
1990 October,2.041296,1.558757,1.356032,0.197563,0.459207,0.203213,0.014398,0.005037,0.002114,0.235437,5.153647,0.460198,6.073053
1990 November,1.895815,1.555941,1.285266,0.19381,0.476554,0.219084,0.013805,0.004014,0.002405,0.220256,4.930831,0.459565,5.86695
1990 December,1.653907,1.60766,1.319286,0.190015,0.545839,0.263525,0.014668,0.00385,0.001239,0.245644,4.770867,0.528926,5.845632
1991 January,1.874105,1.65825,1.348488,0.194325,0.570005,0.280572,0.015446,0.003279,0.000648,0.269531,5.075167,0.569476,6.214648
1991 February,1.803532,1.459117,1.240248,0.180688,0.501792,0.240524,0.013497,0.003535,0.003026,0.204535,4.683585,0.465116,5.650493
1991 March,1.855883,1.580541,1.356772,0.198668,0.514987,0.282566,0.015382,0.004625,0.002161,0.214374,4.991864,0.519108,6.025958
1991 April,1.7296,1.506171,1.306483,0.190106,0.43646,0.281008,0.013871,0.005095,0.002485,0.190452,4.732359,0.492911,5.66173
1991 May,1.741999,1.49687,1.332085,0.195505,0.490175,0.309826,0.014196,0.006204,0.003782,0.206579,4.766459,0.540587,5.797221
1991 June,1.677008,1.426773,1.273737,0.185862,0.568322,0.280947,0.015048,0.0063,0.001621,0.209721,4.56338,0.513637,5.645338
1991 July,1.741691,1.440952,1.320983,0.191386,0.636742,0.26605,0.01507,0.006738,0.001621,0.210055,4.695011,0.499533,5.831286
1991 August,1.940527,1.446753,1.315446,0.192002,0.613027,0.237525,0.014928,0.006564,0.002377,0.250834,4.894729,0.512228,6.019984
1991 September,1.780638,1.439983,1.281968,0.185351,0.543843,0.201861,0.01403,0.005934,0.002161,0.267735,4.68794,0.491721,5.723504
1991 October,1.972528,1.554498,1.337233,0.198969,0.49959,0.193296,0.014793,0.005207,0.00443,0.249408,5.063228,0.467134,6.029952
1991 November,1.78559,1.573539,1.275033,0.193856,0.485359,0.20213,0.015411,0.004229,0.00443,0.241541,4.828018,0.467742,5.781119
1991 December,1.733324,1.64529,1.312351,0.199022,0.561832,0.239639,0.015954,0.003901,0.002053,0.267033,4.889987,0.52858,5.980399
1992 January,1.912575,1.633184,1.323432,0.19909,0.605734,0.23595,0.015635,0.003272,0.001551,0.279197,5.068281,0.535605,6.209619
1992 February,1.785995,1.44034,1.242762,0.187062,0.552907,0.196021,0.013827,0.003545,0.005333,0.230468,4.656159,0.449193,5.658259
1992 March,1.867112,1.519445,1.321231,0.199737,0.479942,0.23766,0.015679,0.004872,0.003393,0.221177,4.907525,0.482782,5.870249
1992 April,1.792628,1.490789,1.268896,0.193179,0.442584,0.212719,0.014254,0.005511,0.003297,0.210172,4.745491,0.445953,5.634028
1992 May,1.745108,1.529131,1.288914,0.199847,0.477764,0.242426,0.015069,0.006235,0.00097,0.190537,4.763,0.455237,5.696001
1992 June,1.740723,1.487723,1.247112,0.194171,0.535959,0.244966,0.014876,0.006276,0.000776,0.230985,4.669729,0.497879,5.703567
1992 July,1.759429,1.535564,1.282172,0.19842,0.586886,0.214207,0.015109,0.006733,0.000776,0.25015,4.775585,0.486975,5.849447
1992 August,1.838808,1.49489,1.244538,0.193114,0.614183,0.198457,0.015214,0.006652,0.001454,0.269662,4.771349,0.491439,5.876971
1992 September,1.819368,1.48053,1.223241,0.189439,0.533178,0.1833,0.01418,0.005973,0.003297,0.251511,4.712578,0.458261,5.704016
1992 October,1.87785,1.578641,1.28121,0.203069,0.510817,0.18027,0.014943,0.005399,0.002521,0.269545,4.940771,0.472678,5.924266
1992 November,1.747036,1.558985,1.222198,0.200159,0.531147,0.212065,0.014869,0.004403,0.002909,0.264383,4.728378,0.49863,5.758155
1992 December,1.807501,1.625878,1.277158,0.205675,0.608106,0.259394,0.015043,0.003995,0.003587,0.263891,4.916212,0.545911,6.070229
1993 January,1.74178,1.613188,1.251589,0.204676,0.620536,0.268521,0.015945,0.003369,0.00255,0.274257,4.811233,0.564642,5.996411
1993 February,1.654312,1.449784,1.127477,0.189088,0.539056,0.216725,0.015426,0.003711,0.00051,0.240964,4.420661,0.477336,5.437053
1993 March,1.838782,1.592044,1.253948,0.211328,0.489546,0.253399,0.016137,0.005217,0.005356,0.263204,4.896102,0.543312,5.928961
1993 April,1.699961,1.509959,1.197348,0.20549,0.453758,0.274886,0.01599,0.005915,0.003826,0.226859,4.612757,0.527475,5.593991
1993 May,1.585486,1.535118,1.231076,0.204106,0.529053,0.316469,0.01437,0.006424,0.003826,0.196012,4.555786,0.537101,5.62194
1993 June,1.741009,1.483411,1.182282,0.199929,0.552722,0.287581,0.014436,0.006332,0.000893,0.197445,4.606631,0.506686,5.66604
1993 July,1.524709,1.515159,1.202568,0.205155,0.593499,0.254885,0.01578,0.006907,0.001403,0.212707,4.447592,0.491682,5.532773
1993 August,1.641951,1.533519,1.215054,0.205847,0.590418,0.216292,0.016007,0.006902,0.000765,0.262322,4.596371,0.502289,5.689077
1993 September,1.721717,1.503423,1.167812,0.197534,0.525081,0.188068,0.015439,0.006237,0.001403,0.250551,4.590486,0.461698,5.577265
1993 October,1.746732,1.586558,1.229617,0.208363,0.466738,0.18759,0.015349,0.005503,0.002933,0.257383,4.771271,0.468759,5.706768
1993 November,1.714418,1.591221,1.202624,0.190373,0.492243,0.195571,0.015174,0.004503,0.004718,0.262183,4.698636,0.482148,5.673027
1993 December,1.724796,1.670654,1.232993,0.186112,0.557848,0.231625,0.015621,0.004155,0.002805,0.264559,4.814556,0.518765,5.891169
1994 January,1.653429,1.659758,1.225657,0.19,0.594162,0.220026,0.015695,0.003625,0,0.306708,4.728844,0.546054,5.86906
1994 February,1.759371,1.48728,1.099501,0.1735,0.520733,0.21085,0.014267,0.003848,0.001036,0.244594,4.519652,0.474596,5.514981
1994 March,2.069239,1.665073,1.212863,0.196146,0.511829,0.243412,0.014471,0.005506,0.005639,0.261461,5.143321,0.53049,6.185641
1994 April,1.887272,1.58242,1.150506,0.191073,0.451444,0.254767,0.01476,0.006002,0.004258,0.236035,4.811271,0.515823,5.778537
1994 May,1.771421,1.637923,1.202537,0.201188,0.507184,0.26713,0.014543,0.006595,0.003798,0.20248,4.813069,0.494545,5.814798
1994 June,1.86076,1.562982,1.150243,0.19722,0.540902,0.258029,0.013144,0.006716,0.003798,0.215744,4.771205,0.49743,5.809537
1994 July,1.67204,1.619291,1.168858,0.206132,0.61795,0.241004,0.013897,0.006987,0.001956,0.274451,4.666321,0.538295,5.822565
1994 August,2.026723,1.626278,1.176639,0.207031,0.628207,0.209396,0.015199,0.006778,0.001381,0.251577,5.03667,0.484331,6.149209
1994 September,1.906248,1.54397,1.149932,0.203928,0.581426,0.171008,0.014102,0.006323,0.003222,0.238967,4.804077,0.433623,5.819125
1994 October,1.837246,1.603714,1.197106,0.205627,0.529943,0.180671,0.014475,0.005872,0.003683,0.271599,4.843693,0.476299,5.849935
1994 November,1.862961,1.64877,1.15333,0.206587,0.577783,0.197506,0.014295,0.004629,0.005064,0.261436,4.871648,0.482929,5.932361
1994 December,1.895373,1.710555,1.215393,0.212547,0.632314,0.229658,0.014616,0.004228,0.001726,0.262482,5.033869,0.51271,6.178893
1995 January,1.90566,1.640179,1.201456,0.210302,0.665531,0.256445,0.013067,0.003472,0.000059,0.243462,4.957597,0.516504,6.139632
1995 February,1.809241,1.462862,1.103419,0.189242,0.544873,0.258244,0.009702,0.003777,0.000241,0.206657,4.564764,0.478621,5.588259
1995 March,2.005865,1.623599,1.186754,0.209008,0.545102,0.294609,0.01067,0.005258,0.000047,0.23982,5.025225,0.550405,6.120733
1995 April,1.727368,1.569275,1.149047,0.204282,0.518215,0.253408,0.009352,0.006123,0.000071,0.267571,4.649971,0.536525,5.704711
1995 May,1.796349,1.612832,1.191951,0.210689,0.571444,0.286483,0.008606,0.006878,0.004214,0.227439,4.811821,0.533619,5.916884
1995 June,1.817216,1.55248,1.144681,0.198094,0.592394,0.311683,0.009317,0.007071,0.00514,0.226934,4.712472,0.560144,5.865009
1995 July,1.717688,1.603819,1.159489,0.206066,0.651824,0.283275,0.010066,0.007291,0.006392,0.294251,4.687062,0.601275,5.940161
1995 August,1.901985,1.592803,1.159108,0.203549,0.64787,0.251378,0.016447,0.007199,0.005628,0.301628,4.857445,0.582281,6.087596
1995 September,1.90734,1.546477,1.116407,0.200072,0.585133,0.20652,0.01183,0.006444,0.005907,0.268791,4.770296,0.499491,5.854921
1995 October,1.939535,1.575236,1.154518,0.206757,0.570461,0.238738,0.019182,0.005753,0.002646,0.292175,4.876046,0.558495,6.005002
1995 November,1.858777,1.620953,1.145844,0.204589,0.553807,0.263386,0.017276,0.004674,0.001291,0.267659,4.830162,0.554286,5.938255
1995 December,1.742527,1.681731,1.174082,0.198933,0.628781,0.301139,0.016542,0.004274,0.000994,0.262694,4.797274,0.585643,6.011698
1996 January,1.796439,1.630168,1.167854,0.200891,0.661075,0.317658,0.0113,0.003586,0.001523,0.272584,4.795352,0.606651,6.063078
1996 February,1.810845,1.540477,1.106217,0.184046,0.587409,0.328772,0.011418,0.003918,0.001156,0.226038,4.641586,0.571303,5.800297
1996 March,1.95751,1.631448,1.181548,0.212422,0.582642,0.350334,0.010872,0.005739,0.001939,0.259039,4.982929,0.627923,6.193494
1996 April,1.907983,1.607943,1.12124,0.209015,0.528566,0.329254,0.012137,0.00642,0.002527,0.205729,4.846181,0.556067,5.930813
1996 May,1.917099,1.636984,1.149605,0.211504,0.584355,0.343915,0.008603,0.007124,0.00405,0.231211,4.915192,0.594904,6.09445
1996 June,1.815968,1.593012,1.123728,0.207659,0.603899,0.330103,0.012207,0.007238,0.003885,0.254182,4.740367,0.607615,5.951881
1996 July,1.912976,1.631138,1.139531,0.214194,0.640194,0.29856,0.017,0.007344,0.005533,0.281656,4.897839,0.610094,6.148127
1996 August,2.037281,1.636065,1.143541,0.217548,0.645688,0.271592,0.017542,0.006869,0.004291,0.294581,5.034435,0.594875,6.274998
1996 September,1.880233,1.579477,1.127843,0.21209,0.573389,0.228911,0.015298,0.006068,0.003634,0.259345,4.799643,0.513256,5.886288
1996 October,2.029051,1.617934,1.165261,0.223901,0.531582,0.233632,0.016305,0.005728,0.002616,0.310461,5.036147,0.568742,6.13647
1996 November,1.861906,1.601151,1.126755,0.216962,0.54754,0.243572,0.016486,0.004665,0.001021,0.295562,4.806773,0.561305,5.915619
1996 December,1.862858,1.638471,1.169773,0.219678,0.600336,0.313353,0.014191,0.004411,0.001265,0.264912,4.89078,0.598132,6.089248
1997 January,1.98574,1.666424,1.151101,0.207866,0.618248,0.336616,0.012781,0.003529,0.00123,0.275641,5.011131,0.629797,6.259176
1997 February,1.890863,1.509851,1.057921,0.196696,0.531601,0.321859,0.009767,0.004024,0.001112,0.226521,4.655331,0.563283,5.750216
1997 March,1.98411,1.676394,1.160078,0.218741,0.529045,0.357387,0.013424,0.005522,0.001517,0.251136,5.039323,0.628985,6.197354
1997 April,1.890446,1.597772,1.120785,0.20589,0.471001,0.327586,0.014657,0.006213,0.003309,0.25201,4.814894,0.603774,5.889669
1997 May,2.025991,1.658807,1.164072,0.212478,0.493552,0.34912,0.014331,0.0067,0.003579,0.268515,5.061348,0.642244,6.197143
1997 June,1.859166,1.571051,1.120859,0.206146,0.546683,0.351899,0.011918,0.007013,0.005281,0.23169,4.757222,0.607801,5.911705
1997 July,1.908692,1.632027,1.152409,0.212357,0.601853,0.323304,0.015455,0.007264,0.005203,0.259985,4.905484,0.611211,6.118549
1997 August,1.920083,1.62893,1.14126,0.213542,0.641012,0.274788,0.015283,0.007072,0.005416,0.264422,4.903815,0.566981,6.111809
1997 September,1.982762,1.591515,1.128533,0.208204,0.551839,0.23897,0.014604,0.006234,0.002657,0.250744,4.911015,0.51321,5.976063
1997 October,2.031691,1.644993,1.162794,0.211436,0.493021,0.252613,0.014497,0.0057,0.002804,0.305656,5.050914,0.58127,6.125205
1997 November,1.791105,1.593447,1.123915,0.195045,0.537176,0.242156,0.014404,0.004571,0.000742,0.264591,4.703512,0.526464,5.767152
1997 December,2.038965,1.622639,1.174293,0.206805,0.581961,0.26416,0.015576,0.004301,0.00073,0.256998,5.042702,0.541765,6.166428
1998 January,2.109645,1.710311,1.175987,0.210925,0.607312,0.29386,0.015811,0.003464,0.000177,0.278211,5.206867,0.591523,6.405702
1998 February,1.875506,1.522354,1.051663,0.196018,0.535028,0.30587,0.012721,0.003707,0.000083,0.212209,4.64554,0.534592,5.71516
1998 March,2.069152,1.699438,1.152106,0.216548,0.563483,0.323122,0.015674,0.005521,0.000063,0.240963,5.137244,0.585343,6.286069
1998 April,1.980508,1.641044,1.127999,0.211362,0.498354,0.291715,0.010788,0.00609,0.000876,0.240612,4.960912,0.550082,6.009348
1998 May,1.952215,1.701704,1.141174,0.214407,0.540248,0.338499,0.009908,0.006483,0.001461,0.250239,5.009501,0.60659,6.156339
1998 June,1.989483,1.631191,1.090504,0.197669,0.584683,0.329782,0.011755,0.006835,0.004027,0.186089,4.908847,0.53849,6.03202
1998 July,1.958933,1.661339,1.11375,0.185329,0.645187,0.292237,0.014565,0.007286,0.005582,0.246326,4.919351,0.565996,6.130534
1998 August,1.972738,1.672894,1.115235,0.201167,0.633331,0.256055,0.015558,0.007136,0.004299,0.254237,4.962034,0.537286,6.13265
1998 September,2.062224,1.518664,1.007323,0.194047,0.600147,0.212368,0.015259,0.00636,0.004852,0.24827,4.782258,0.487108,5.869513
1998 October,2.090703,1.638715,1.104433,0.203771,0.602492,0.192567,0.016743,0.005697,0.003047,0.267922,5.037623,0.485975,6.12609
1998 November,1.945846,1.587717,1.068348,0.199889,0.601894,0.20415,0.015035,0.004565,0.001847,0.230488,4.801799,0.456084,5.859777
1998 December,2.038246,1.627924,1.086612,0.189328,0.655652,0.256829,0.014633,0.004276,0.004539,0.273362,4.94211,0.553638,6.1514
1999 January,1.937848,1.66922,1.072211,0.192221,0.686455,0.301877,0.015171,0.003381,0.003446,0.27226,4.8715,0.596136,6.154091
1999 February,1.959623,1.504679,0.9688,0.180569,0.600763,0.293419,0.012383,0.003704,0.003159,0.220539,4.613671,0.533204,5.747638
1999 March,2.092359,1.665684,1.057697,0.207455,0.614858,0.328047,0.014471,0.005298,0.004568,0.212177,5.023195,0.564561,6.202615
1999 April,1.900155,1.591332,1.024373,0.202857,0.507129,0.279566,0.012382,0.005967,0.003818,0.24992,4.718718,0.551652,5.7775
1999 May,1.813646,1.621246,1.056309,0.207755,0.585793,0.296517,0.015035,0.006616,0.002818,0.289264,4.698955,0.61025,5.894999
1999 June,1.925871,1.582597,1.002286,0.210491,0.651038,0.312577,0.013986,0.006698,0.002596,0.23609,4.721245,0.571948,5.944231
1999 July,1.876465,1.628554,1.04248,0.220746,0.698212,0.303567,0.014153,0.007003,0.004664,0.264292,4.768245,0.593679,6.060136
1999 August,1.978927,1.625085,1.039286,0.217489,0.712091,0.263077,0.014417,0.006816,0.003909,0.258854,4.860787,0.547073,6.119951
1999 September,1.97103,1.572915,1.009856,0.215321,0.636771,0.21364,0.014426,0.006095,0.003859,0.24414,4.769123,0.482161,5.888055
1999 October,1.918471,1.629963,1.069291,0.226654,0.578335,0.203526,0.014953,0.005698,0.004281,0.228256,4.844379,0.456714,5.879428
1999 November,1.955082,1.602359,1.037102,0.21896,0.632772,0.216417,0.014216,0.004523,0.003622,0.254125,4.813503,0.492903,5.939178
1999 December,1.965608,1.647069,1.071351,0.22713,0.706037,0.255344,0.015328,0.004233,0.005155,0.235215,4.911158,0.515275,6.132471
2000 January,1.855655,1.663294,1.040031,0.226321,0.737981,0.258518,0.014724,0.003257,0.006583,0.222067,4.7853,0.505149,6.028429
2000 February,1.846984,1.532043,0.984279,0.21514,0.669318,0.229354,0.013606,0.003626,0.007201,0.246169,4.578447,0.499957,5.747721
2000 March,2.106475,1.676599,1.064094,0.229919,0.654279,0.272397,0.013848,0.004978,0.003571,0.263209,5.077088,0.558003,6.289369
2000 April,1.732611,1.585259,1.018625,0.220404,0.607585,0.290623,0.014367,0.005555,0.003367,0.254609,4.556899,0.568521,5.733004
2000 May,1.879543,1.646921,1.051202,0.224801,0.667205,0.279719,0.013885,0.006275,0.004163,0.254678,4.802467,0.55872,6.028392
2000 June,1.919697,1.607554,1.013181,0.215245,0.701857,0.256913,0.013563,0.006363,0.00456,0.227712,4.755677,0.50911,5.966644
2000 July,1.794655,1.660575,1.031937,0.223838,0.719306,0.246155,0.013983,0.006897,0.003876,0.255348,4.711005,0.526258,5.956569
2000 August,2.047172,1.673128,1.040814,0.224585,0.701102,0.224228,0.014003,0.00667,0.00384,0.254942,4.985699,0.503682,6.190483
2000 September,1.889379,1.619087,1.001839,0.215331,0.607662,0.181584,0.011971,0.006095,0.003391,0.240331,4.725636,0.443372,5.77667
2000 October,1.967912,1.703539,1.044464,0.222043,0.547207,0.175315,0.012837,0.005391,0.004197,0.270472,4.937957,0.468212,5.953376
2000 November,1.916304,1.620662,1.014884,0.210078,0.58894,0.195459,0.013383,0.00429,0.008396,0.261335,4.761928,0.482864,5.833733
2000 December,1.779092,1.672867,1.052748,0.183212,0.65991,0.200852,0.014194,0.004035,0.003914,0.254788,4.687919,0.477783,5.825611
2001 January,2.027427,1.718742,1.042647,0.161894,0.717508,0.194798,0.014612,0.003102,0.004022,0.228434,4.950709,0.444968,6.113185
2001 February,1.819437,1.55142,0.938688,0.181148,0.639868,0.180547,0.012812,0.003401,0.004456,0.202849,4.490693,0.404066,5.534626
2001 March,2.078637,1.731992,1.05728,0.212219,0.648935,0.211591,0.014206,0.004833,0.005498,0.219649,5.080129,0.455777,6.184841
2001 April,1.890419,1.669797,1.020098,0.205137,0.58484,0.186128,0.013162,0.005368,0.007075,0.213628,4.785451,0.425362,5.795653
2001 May,1.992608,1.72845,1.048131,0.221433,0.642374,0.198142,0.01298,0.006322,0.006562,0.211506,4.990622,0.435512,6.068509
2001 June,1.948102,1.652404,1.003248,0.213769,0.710365,0.214179,0.013088,0.006476,0.006919,0.21395,4.817523,0.454612,5.9825
2001 July,1.878077,1.703006,1.033604,0.219842,0.722301,0.186812,0.014087,0.00676,0.006561,0.221842,4.834529,0.436062,5.992892
2001 August,2.087613,1.703102,1.02943,0.226352,0.714192,0.195436,0.01397,0.00663,0.005964,0.225897,5.046497,0.447898,6.208586
2001 September,1.876859,1.655456,0.993364,0.227854,0.661861,0.157641,0.013617,0.005913,0.005066,0.214229,4.753534,0.396465,5.81186
2001 October,2.111728,1.722819,1.033151,0.234487,0.631394,0.157418,0.013913,0.004994,0.00627,0.227319,5.102186,0.409915,6.143494
2001 November,1.988973,1.638493,1.023359,0.224242,0.651034,0.159262,0.013805,0.004068,0.004861,0.219773,4.875067,0.401768,5.92787
2001 December,1.847197,1.689887,1.058565,0.218759,0.704181,0.199905,0.014208,0.003763,0.006362,0.225088,4.814409,0.449325,5.967915
2002 January,2.120218,1.657746,1.056043,0.211199,0.740608,0.22172,0.015114,0.003056,0.008254,0.228396,5.045206,0.47654,6.262354
2002 February,1.875246,1.484414,0.95506,0.198383,0.643836,0.20541,0.013339,0.00341,0.007263,0.198932,4.513103,0.428354,5.585293
2002 March,1.873873,1.65844,1.058271,0.219798,0.65827,0.213723,0.014682,0.004819,0.008668,0.217568,4.810383,0.45946,5.928113
2002 April,1.865983,1.602625,1.016932,0.215342,0.6102,0.246661,0.013292,0.00528,0.010421,0.212852,4.700882,0.488506,5.799588
2002 May,1.898776,1.667978,1.061729,0.223841,0.658182,0.27124,0.014386,0.005901,0.010963,0.225155,4.852323,0.527644,6.038149
2002 June,1.772256,1.606889,1.023884,0.209219,0.693055,0.287009,0.013659,0.006334,0.011458,0.215107,4.612248,0.533567,5.83887
2002 July,1.794687,1.675723,1.033997,0.213418,0.735334,0.259113,0.014857,0.006499,0.009059,0.235713,4.717825,0.525241,5.9784
2002 August,1.915377,1.641757,1.042085,0.223926,0.739061,0.214487,0.0145,0.006333,0.009936,0.2244,4.823145,0.469655,6.031861
2002 September,1.918966,1.552695,0.941551,0.212355,0.673308,0.173824,0.014109,0.005616,0.007486,0.230855,4.625567,0.43189,5.730766
2002 October,1.965628,1.58903,0.963407,0.2167,0.631668,0.174684,0.014581,0.004946,0.007471,0.243767,4.734764,0.445449,5.811881
2002 November,1.836121,1.592929,0.978494,0.211539,0.642395,0.200714,0.014051,0.004085,0.006673,0.230328,4.619083,0.45585,5.717329
2002 December,1.895106,1.65183,1.028759,0.203447,0.719511,0.220434,0.014594,0.003649,0.007683,0.242334,4.779142,0.488694,5.987347
2003 January,1.913846,1.661814,1.03479,0.203753,0.721318,0.208576,0.015061,0.003003,0.006402,0.237044,4.814203,0.470086,6.005608
2003 February,1.696195,1.510863,0.939137,0.189739,0.635136,0.200271,0.013547,0.003273,0.007547,0.212693,4.335934,0.437331,5.408402
2003 March,1.837564,1.709543,1.043462,0.200384,0.624624,0.245048,0.014607,0.004768,0.010491,0.233288,4.790954,0.508202,5.923781
2003 April,1.841394,1.636894,0.996292,0.190809,0.591715,0.250685,0.014062,0.005308,0.011064,0.228516,4.66539,0.509635,5.766739
2003 May,1.865279,1.671425,1.018293,0.181256,0.648269,0.297627,0.01416,0.005873,0.01019,0.229756,4.736253,0.557606,5.942127
2003 June,1.825304,1.618573,0.98468,0.177494,0.668892,0.289436,0.014633,0.00615,0.010602,0.228254,4.606051,0.549076,5.824019
2003 July,1.826571,1.638714,0.98862,0.191123,0.725921,0.251536,0.01476,0.006124,0.009653,0.242533,4.645029,0.524607,5.895557
2003 August,1.84714,1.672011,1.002164,0.197442,0.719367,0.232592,0.014674,0.006063,0.008256,0.239928,4.718756,0.501513,5.939636
2003 September,1.863978,1.610843,0.975968,0.197543,0.662669,0.187115,0.014437,0.005523,0.009062,0.230968,4.648331,0.447106,5.758105
2003 October,1.938176,1.665661,1.009315,0.210741,0.625489,0.186588,0.014431,0.004877,0.009084,0.236938,4.823893,0.451917,5.9013
2003 November,1.737725,1.592422,0.965101,0.206281,0.621151,0.199617,0.013908,0.003848,0.009735,0.233698,4.501528,0.460806,5.583486
2003 December,1.900479,1.644538,1.001747,0.199696,0.715071,0.243449,0.015164,0.003561,0.011187,0.25116,4.746461,0.524521,5.986053
2004 January,1.924511,1.636373,1.004168,0.208052,0.738367,0.230201,0.015493,0.002973,0.01001,0.255574,4.773104,0.514251,6.025721
2004 February,1.782467,1.516224,0.937179,0.19424,0.668455,0.209471,0.014522,0.003177,0.010232,0.236689,4.430111,0.474091,5.572657
2004 March,1.95181,1.646905,1.009868,0.211009,0.659937,0.229509,0.014954,0.004758,0.012933,0.248532,4.819592,0.510686,5.990215
2004 April,1.887051,1.592221,0.967498,0.199186,0.611292,0.209214,0.014075,0.005229,0.012969,0.247253,4.645956,0.488741,5.745988
2004 May,1.793792,1.616643,0.998961,0.205542,0.676959,0.240581,0.014619,0.005963,0.017044,0.244383,4.614937,0.52259,5.814486
2004 June,1.950629,1.582328,0.940807,0.194132,0.706331,0.252927,0.014709,0.00607,0.013994,0.244075,4.667896,0.531776,5.906003
2004 July,1.898328,1.630599,0.986065,0.209151,0.750556,0.233556,0.01532,0.006271,0.011662,0.257042,4.724142,0.52385,5.998549
2004 August,1.957711,1.616529,0.957415,0.215109,0.741102,0.216265,0.015116,0.006121,0.010524,0.254446,4.746764,0.502472,5.990339
2004 September,1.922932,1.515167,0.884177,0.200783,0.687539,0.205581,0.014345,0.005525,0.010914,0.243019,4.52306,0.479384,5.689983
2004 October,1.904518,1.583623,0.929566,0.210153,0.652067,0.18893,0.015308,0.004818,0.010305,0.25352,4.62786,0.47288,5.752807
2004 November,1.904575,1.547754,0.943656,0.208686,0.614635,0.209705,0.014582,0.00383,0.009337,0.247286,4.60467,0.48474,5.704045
2004 December,1.973776,1.589889,0.990726,0.209806,0.715534,0.262527,0.015104,0.003568,0.011739,0.264199,4.764197,0.557136,6.036867
2005 January,1.919432,1.600675,0.97922,0.209173,0.728728,0.242697,0.015391,0.002919,0.011315,0.264707,4.7085,0.537029,5.974256
2005 February,1.842525,1.468906,0.893421,0.194829,0.636042,0.216046,0.013222,0.003184,0.009664,0.247271,4.399681,0.489387,5.525109
2005 March,2.092335,1.654265,1.00703,0.21607,0.642216,0.229338,0.014912,0.004588,0.015605,0.260043,4.969701,0.524485,6.136402
2005 April,1.909338,1.582958,0.967932,0.205606,0.579031,0.230561,0.014648,0.005219,0.016973,0.246929,4.665834,0.51433,5.759195
2005 May,1.847085,1.61969,1.006247,0.213437,0.65716,0.272758,0.015513,0.00593,0.017463,0.25579,4.68646,0.567453,5.911072
2005 June,1.953824,1.580144,0.946925,0.199431,0.690282,0.267803,0.015257,0.006049,0.017967,0.252466,4.680324,0.559543,5.930148
2005 July,1.884861,1.59552,0.944551,0.201804,0.741687,0.259542,0.015596,0.006145,0.014208,0.266332,4.626736,0.561824,5.930246
2005 August,2.006343,1.587664,0.934685,0.199066,0.744938,0.215635,0.015407,0.006123,0.011379,0.266097,4.727759,0.514643,5.987339
2005 September,1.960229,1.373475,0.733218,0.166604,0.696488,0.173619,0.015003,0.005504,0.014682,0.255348,4.233526,0.464157,5.394172
2005 October,1.919308,1.446691,0.818957,0.178294,0.639055,0.180046,0.015341,0.004836,0.01446,0.261121,4.36325,0.475805,5.47811
2005 November,1.94436,1.484716,0.845109,0.181117,0.656557,0.193507,0.014973,0.003786,0.016095,0.256532,4.455302,0.484893,5.596752
2005 December,1.905549,1.561311,0.896857,0.16841,0.748627,0.221389,0.015438,0.0035,0.018276,0.26855,4.532127,0.527154,5.807908
2006 January,2.018427,1.578799,0.907582,0.193585,0.750397,0.272144,0.015313,0.003138,0.023633,0.276647,4.698392,0.590875,6.039664
2006 February,1.82171,1.42198,0.817186,0.174865,0.653394,0.245611,0.013834,0.003438,0.019064,0.247274,4.23574,0.529221,5.418356
2006 March,2.076033,1.598775,0.903885,0.195901,0.664927,0.244251,0.015628,0.004802,0.023395,0.265069,4.774593,0.553145,5.992665
2006 April,1.95157,1.539153,0.884208,0.193462,0.600714,0.283244,0.014216,0.005444,0.024517,0.250384,4.568392,0.577805,5.746911
2006 May,2.040178,1.599515,0.926071,0.201929,0.655064,0.305688,0.013984,0.006141,0.024388,0.261125,4.767692,0.611326,6.034083
2006 June,1.987844,1.581799,0.898327,0.195504,0.713665,0.295163,0.014911,0.00618,0.020351,0.26196,4.663473,0.598565,5.975703
2006 July,1.945013,1.617326,0.915932,0.202445,0.753266,0.252333,0.015628,0.006373,0.019392,0.274809,4.680717,0.568536,6.002519
2006 August,2.060571,1.622932,0.906143,0.19936,0.751488,0.215524,0.015902,0.006525,0.016418,0.277063,4.789007,0.531431,6.071926
2006 September,1.925842,1.585112,0.875368,0.19782,0.695413,0.170621,0.015112,0.005736,0.018639,0.267952,4.584142,0.47806,5.757615
2006 October,2.021456,1.641899,0.918447,0.204052,0.60011,0.16917,0.015766,0.00506,0.024223,0.27512,4.785853,0.48934,5.875302
2006 November,1.974799,1.583034,0.881172,0.197092,0.640629,0.201075,0.014993,0.004043,0.025199,0.270475,4.636098,0.515786,5.792513
2006 December,1.966068,1.651383,0.932455,0.199821,0.73556,0.21421,0.015913,0.003717,0.024517,0.283636,4.749726,0.541993,6.02728
2007 January,2.041411,1.618912,0.917718,0.192371,0.776251,0.257426,0.016297,0.003342,0.024239,0.290845,4.770411,0.592148,6.13881
2007 February,1.814267,1.482726,0.831105,0.177208,0.684143,0.183513,0.014248,0.003656,0.024906,0.261666,4.305306,0.487988,5.477437
2007 March,2.001861,1.6685,0.920447,0.203722,0.674497,0.238832,0.015392,0.005255,0.030117,0.285146,4.794529,0.574742,6.043768
2007 April,1.906797,1.59364,0.901903,0.19488,0.601035,0.236135,0.014824,0.005801,0.031349,0.278386,4.597219,0.566494,5.764748
2007 May,1.986306,1.687569,0.935757,0.205668,0.682043,0.257448,0.014904,0.006642,0.029181,0.28601,4.8153,0.594186,6.091528
2007 June,1.958718,1.632624,0.882431,0.197667,0.722934,0.225519,0.015616,0.006697,0.0259,0.281995,4.67144,0.555728,5.950102
2007 July,1.906797,1.668648,0.905605,0.204806,0.762954,0.22217,0.015849,0.007002,0.021333,0.295653,4.685856,0.562008,6.010819
2007 August,2.062217,1.677989,0.896145,0.202889,0.763084,0.197092,0.015891,0.006833,0.026681,0.295523,4.83924,0.542021,6.144345
2007 September,1.89364,1.640735,0.85289,0.199103,0.708832,0.145715,0.015414,0.006229,0.028335,0.287603,4.586367,0.483297,5.778496
2007 October,2.024921,1.698173,0.908709,0.211149,0.647062,0.146248,0.015989,0.005549,0.033374,0.299416,4.842952,0.500577,5.99059
2007 November,1.985916,1.677541,0.876102,0.209351,0.680729,0.155001,0.015347,0.004393,0.030591,0.297828,4.748909,0.503161,5.932799
2007 December,1.909892,1.739153,0.918532,0.209776,0.755027,0.181289,0.016003,0.003995,0.034497,0.312007,4.777354,0.547792,6.080173
2008 January,2.00802,1.731231,0.919317,0.205757,0.739318,0.204758,0.015825,0.0037,0.042108,0.331138,4.864325,0.597528,6.201171
2008 February,1.903753,1.633804,0.865702,0.198308,0.680743,0.185146,0.014369,0.004168,0.037955,0.300535,4.601567,0.542173,5.824483
2008 March,1.970498,1.7691,0.933572,0.215404,0.676417,0.213526,0.016239,0.005992,0.047122,0.321487,4.888575,0.604365,6.169356
2008 April,1.979137,1.706502,0.89708,0.209574,0.599242,0.219093,0.01579,0.006721,0.05149,0.314073,4.792293,0.607167,5.998702
2008 May,1.968859,1.763072,0.92483,0.216571,0.67756,0.268237,0.016318,0.007369,0.052623,0.324185,4.873332,0.668732,6.219625
2008 June,1.839216,1.726868,0.893949,0.204167,0.734978,0.287514,0.016206,0.007716,0.050653,0.313335,4.664201,0.675424,6.074603
2008 July,2.018959,1.816817,0.93097,0.213784,0.776775,0.25182,0.016514,0.007867,0.039499,0.330507,4.98053,0.646207,6.403512
2008 August,2.04416,1.790995,0.900067,0.208474,0.758994,0.209193,0.016454,0.007742,0.032167,0.333607,4.943695,0.599164,6.301852
2008 September,2.021775,1.528812,0.692365,0.168338,0.700847,0.15942,0.015944,0.007027,0.03066,0.31884,4.41129,0.531891,5.644028
2008 October,2.123379,1.720253,0.851981,0.200921,0.656598,0.152441,0.016495,0.006167,0.04687,0.330125,4.896533,0.552097,6.105229
2008 November,1.941916,1.723872,0.884904,0.193457,0.662742,0.154392,0.01594,0.004856,0.049207,0.327317,4.74415,0.551712,5.958603
2008 December,2.031694,1.791558,0.919173,0.184603,0.762278,0.205569,0.016339,0.004523,0.065193,0.323102,4.927029,0.614727,6.304034
2009 January,1.952209,1.82653,0.924577,0.195824,0.775038,0.229265,0.01714,0.003808,0.05808,0.318013,4.899139,0.626306,6.300483
2009 February,1.801639,1.664873,0.851488,0.188514,0.671752,0.173845,0.015517,0.004327,0.057117,0.294082,4.506513,0.544888,5.723153
2009 March,1.93123,1.831011,0.93784,0.216392,0.703269,0.213036,0.017252,0.006314,0.069287,0.319016,4.916473,0.624906,6.244647
2009 April,1.790664,1.741348,0.919625,0.209104,0.621353,0.251513,0.016341,0.007089,0.072787,0.30316,4.66074,0.650891,5.932984
2009 May,1.714439,1.80003,0.967753,0.223632,0.683971,0.288502,0.016616,0.007833,0.061117,0.318693,4.705854,0.692761,6.082585
2009 June,1.784376,1.749901,0.917522,0.213383,0.729356,0.285318,0.016212,0.007825,0.05465,0.321411,4.665182,0.685416,6.079954
2009 July,1.828638,1.784865,0.970686,0.218363,0.762973,0.228235,0.016814,0.008338,0.04836,0.343501,4.802553,0.645248,6.210774
2009 August,1.817378,1.79901,0.965972,0.219715,0.755606,0.191105,0.016773,0.008216,0.053333,0.348211,4.802074,0.617638,6.175318
2009 September,1.77387,1.69325,0.967572,0.217355,0.687698,0.169421,0.016289,0.007386,0.045391,0.332045,4.652047,0.570532,5.910278
2009 October,1.770583,1.772283,0.992043,0.226172,0.606841,0.192185,0.016479,0.006551,0.066501,0.346132,4.76108,0.627848,5.995769
2009 November,1.722179,1.716238,0.937191,0.221073,0.617805,0.205035,0.016841,0.005223,0.067102,0.348004,4.596681,0.642204,5.85669
2009 December,1.736516,1.760112,0.980107,0.224256,0.739558,0.241363,0.017912,0.00479,0.067403,0.360349,4.700991,0.691817,6.132365
2010 January,1.743242,1.77719,0.969051,0.229739,0.758495,0.218369,0.017852,0.004357,0.066871,0.357023,4.719222,0.664472,6.142189
2010 February,1.686981,1.639552,0.900453,0.210179,0.681945,0.200874,0.015872,0.004913,0.052993,0.329844,4.437165,0.604497,5.723606
2010 March,1.96911,1.816526,0.989289,0.236444,0.675562,0.203761,0.017801,0.00707,0.083795,0.364046,5.011369,0.676472,6.363403
2010 April,1.847733,1.766638,0.936294,0.227152,0.602151,0.186307,0.01699,0.00807,0.095262,0.34952,4.777817,0.65615,6.036118
2010 May,1.736406,1.837918,0.968741,0.238112,0.696713,0.244673,0.017839,0.009194,0.084853,0.355964,4.781177,0.712523,6.190413
2010 June,1.80233,1.756096,0.935684,0.225528,0.713885,0.291254,0.017219,0.009487,0.078526,0.352927,4.719638,0.749413,6.182936
2010 July,1.846825,1.847277,0.952335,0.22705,0.75164,0.239186,0.017479,0.00973,0.065598,0.365395,4.873486,0.697388,6.322514
2010 August,1.898224,1.868626,0.977918,0.235841,0.748093,0.196283,0.017706,0.009597,0.065227,0.369015,4.980609,0.657829,6.386531
2010 September,1.896539,1.813135,0.975753,0.231851,0.725068,0.168439,0.01711,0.008704,0.069321,0.357953,4.917279,0.621528,6.263875
2010 October,1.864243,1.905763,1.010256,0.241999,0.655872,0.172515,0.016975,0.007445,0.0775,0.366723,5.022261,0.641158,6.31929
2010 November,1.860411,1.843941,0.968489,0.23543,0.654872,0.190842,0.017108,0.006253,0.095098,0.3672,4.908272,0.676501,6.239645
2010 December,1.886182,1.933102,1.006759,0.241962,0.770138,0.226037,0.018027,0.005657,0.088383,0.380869,5.068005,0.718973,6.557116
2011 January,1.853793,1.901499,0.986665,0.240696,0.761181,0.24806,0.01848,0.005437,0.083077,0.382892,4.982653,0.737945,6.481779
2011 February,1.735779,1.683567,0.875818,0.206513,0.677953,0.234459,0.016676,0.006273,0.101547,0.343631,4.501678,0.702586,5.882217
2011 March,1.957742,1.949824,1.007824,0.249814,0.687083,0.302503,0.018388,0.00869,0.102452,0.377308,5.165203,0.80934,6.661626
2011 April,1.795399,1.909401,0.965353,0.240861,0.570783,0.303084,0.017258,0.009861,0.120689,0.356541,4.911015,0.807433,6.289231
2011 May,1.759893,1.977417,1.008506,0.25426,0.596583,0.316615,0.018194,0.01098,0.114378,0.367049,5.000076,0.827216,6.423875
2011 June,1.803665,1.903175,0.97013,0.241023,0.682987,0.312381,0.01702,0.011374,0.106731,0.372394,4.917993,0.819899,6.420879
2011 July,1.736037,1.979461,0.975711,0.251143,0.757017,0.303962,0.017723,0.011524,0.07276,0.381369,4.942352,0.787338,6.486706
2011 August,1.937155,2.002658,1.014324,0.253541,0.746487,0.250319,0.017777,0.011794,0.072613,0.384588,5.207677,0.737092,6.691255
2011 September,1.906585,1.934998,0.968934,0.23911,0.699506,0.207705,0.017127,0.01053,0.066739,0.369764,5.049627,0.671865,6.420999
2011 October,1.918798,2.063146,1.053919,0.263304,0.662758,0.192254,0.017836,0.009496,0.102265,0.37985,5.299168,0.701702,6.663628
2011 November,1.908689,2.021681,1.03963,0.261417,0.674655,0.200932,0.01757,0.007567,0.120853,0.383524,5.231416,0.730447,6.636518
2011 December,1.907872,2.078892,1.0855,0.268471,0.751706,0.23058,0.018261,0.007365,0.103532,0.402438,5.340735,0.762175,6.854616
2012 January,1.935219,2.095379,1.104679,0.272192,0.758482,0.219888,0.0174,0.007183,0.129726,0.386895,5.407469,0.761091,6.927042
2012 February,1.747442,1.921858,1.049541,0.25641,0.669053,0.193017,0.016387,0.008052,0.105171,0.361443,4.975252,0.68407,6.328375
2012 March,1.745396,2.062279,1.12429,0.272288,0.646854,0.246546,0.017608,0.011522,0.133476,0.375436,5.204253,0.784587,6.635694
2012 April,1.574811,1.990079,1.086831,0.262837,0.585471,0.250215,0.017084,0.013306,0.120941,0.356963,4.914558,0.758509,6.258539
2012 May,1.662201,2.064882,1.133407,0.27326,0.650551,0.272562,0.017787,0.015744,0.119336,0.374887,5.133751,0.800315,6.584617
2012 June,1.664598,1.985593,1.090103,0.258337,0.682603,0.253685,0.017361,0.016459,0.113928,0.365769,4.99863,0.767203,6.448437
2012 July,1.757181,2.104807,1.154388,0.265633,0.724406,0.252091,0.017946,0.016862,0.083946,0.367103,5.282008,0.737947,6.744362
2012 August,1.847841,2.094448,1.143995,0.270701,0.729361,0.219192,0.017786,0.016279,0.08059,0.373614,5.356984,0.707461,6.793805
2012 September,1.664173,2.038525,1.140702,0.272019,0.67601,0.167517,0.017576,0.015202,0.083642,0.354912,5.115418,0.63885,6.430278
2012 October,1.732287,2.111027,1.247089,0.286206,0.626049,0.15702,0.018027,0.013988,0.120241,0.361533,5.376609,0.670808,6.673467
2012 November,1.713614,2.045867,1.222144,0.280195,0.594293,0.178257,0.018023,0.011411,0.110848,0.356619,5.26182,0.675159,6.531272
2012 December,1.632131,2.095322,1.272822,0.275772,0.718688,0.218713,0.018608,0.011014,0.138215,0.370582,5.276047,0.757132,6.751867
2013 January,1.680934,2.077633,1.271214,0.273874,0.746119,0.236889,0.018578,0.010477,0.14062,0.376877,5.303655,0.78344,6.833214
2013 February,1.576395,1.88204,1.157635,0.258907,0.64244,0.194813,0.016666,0.012235,0.134295,0.340831,4.874978,0.69884,6.216257
2013 March,1.719755,2.078076,1.29403,0.286056,0.657737,0.195918,0.018543,0.01708,0.150325,0.382909,5.377917,0.764775,6.800429
2013 April,1.600497,2.037004,1.283799,0.280021,0.593157,0.239451,0.017376,0.018672,0.166741,0.372033,5.20132,0.814273,6.608751
2013 May,1.691585,2.097713,1.312342,0.294323,0.6567,0.271442,0.01787,0.020772,0.154933,0.389714,5.395963,0.854732,6.907396
2013 June,1.646245,2.027056,1.263909,0.283181,0.694124,0.261271,0.017415,0.02202,0.131171,0.386711,5.220391,0.818588,6.733103
2013 July,1.718042,2.135986,1.342522,0.301465,0.737064,0.260036,0.018148,0.022304,0.105844,0.402698,5.498015,0.80903,7.04411
2013 August,1.830669,2.131389,1.352204,0.3126,0.745477,0.206403,0.018011,0.023254,0.091917,0.396999,5.626862,0.736584,7.108924
2013 September,1.680957,2.057272,1.347614,0.310992,0.687533,0.161826,0.017616,0.022046,0.111382,0.378787,5.396834,0.691658,6.776025
2013 October,1.634911,2.132286,1.386201,0.318513,0.660205,0.164092,0.018402,0.021264,0.130092,0.400303,5.471911,0.734153,6.866269
2013 November,1.634865,2.08464,1.371961,0.30606,0.678929,0.168655,0.016959,0.017579,0.150779,0.399495,5.397526,0.753467,6.829921
2013 December,1.586449,2.117978,1.425428,0.306234,0.744947,0.201585,0.018423,0.017331,0.13326,0.419564,5.436089,0.790162,6.971198
2014 January,1.685726,2.13645,1.444251,0.311094,0.765208,0.205737,0.018279,0.016507,0.170336,0.405457,5.577521,0.816316,7.159045
2014 February,1.529087,1.975393,1.319765,0.28252,0.655141,0.165437,0.016342,0.017902,0.133222,0.367761,5.106765,0.700664,6.46257
2014 March,1.764017,2.202854,1.485433,0.326552,0.652611,0.230685,0.018114,0.026136,0.168668,0.407455,5.778856,0.851059,7.282527
2014 April,1.68223,2.183946,1.497257,0.329508,0.589726,0.241934,0.017711,0.028974,0.177224,0.393377,5.692941,0.859219,7.141886
2014 May,1.698744,2.244558,1.547085,0.341109,0.658367,0.252432,0.018064,0.033025,0.148369,0.403727,5.831495,0.855618,7.34548
2014 June,1.605018,2.183368,1.516964,0.345573,0.712658,0.244824,0.017519,0.034805,0.150247,0.406948,5.650922,0.854343,7.217923
2014 July,1.714165,2.304121,1.584865,0.359489,0.752422,0.231639,0.017942,0.034235,0.115902,0.421422,5.96264,0.82114,7.536202
2014 August,1.772364,2.316668,1.595841,0.362609,0.743936,0.188367,0.018034,0.034967,0.096722,0.416676,6.047482,0.754766,7.546183
2014 September,1.695648,2.241143,1.574142,0.356823,0.706343,0.152867,0.017654,0.033126,0.109553,0.396605,5.867756,0.709805,7.283904
2014 October,1.729916,2.338819,1.66014,0.368897,0.652547,0.163184,0.018185,0.030806,0.13797,0.408482,6.097772,0.758628,7.508948
2014 November,1.658196,2.24889,1.619366,0.347952,0.681301,0.177123,0.018176,0.025002,0.179424,0.403886,5.874403,0.803612,7.359316
2014 December,1.750595,2.341863,1.707316,0.364284,0.767299,0.212347,0.018469,0.021307,0.139904,0.429398,6.164058,0.821425,7.752782
2015 January,1.733824,2.333734,1.662195,0.354549,0.776715,0.224946,0.018085,0.021034,0.141296,0.402848,6.084303,0.808209,7.669227
2015 February,1.447888,2.139821,1.523383,0.331449,0.66368,0.207684,0.016614,0.025046,0.139054,0.364362,5.44254,0.75276,6.85898
2015 March,1.628444,2.380486,1.695268,0.375673,0.67503,0.226274,0.018384,0.034904,0.142655,0.39467,6.079871,0.816886,7.571787
2015 April,1.501834,2.333799,1.651077,0.379117,0.625226,0.209407,0.017077,0.039551,0.166504,0.381474,5.865828,0.814012,7.305066
2015 May,1.408558,2.385456,1.67861,0.387272,0.688414,0.187549,0.018348,0.042508,0.159833,0.398364,5.859897,0.806602,7.354913
2015 June,1.340692,2.311427,1.598407,0.372764,0.716542,0.190239,0.017349,0.043201,0.125073,0.396702,5.623289,0.772563,7.112395
2015 July,1.530531,2.388868,1.669157,0.389402,0.746829,0.195832,0.018036,0.044931,0.127442,0.411496,5.977957,0.797737,7.522522
2015 August,1.653553,2.387167,1.663169,0.396793,0.75732,0.178199,0.017919,0.045238,0.121893,0.408341,6.100681,0.77159,7.62959
2015 September,1.555345,2.332484,1.616056,0.386048,0.69521,0.149981,0.016429,0.038951,0.130201,0.387217,5.889933,0.722778,7.307921
2015 October,1.510434,2.382638,1.658487,0.404891,0.633451,0.154979,0.017722,0.03427,0.152646,0.395069,5.956451,0.754686,7.344587
2015 November,1.372933,2.305264,1.595799,0.39291,0.63024,0.180209,0.017647,0.029627,0.183414,0.396414,5.666906,0.807311,7.104458
2015 December,1.26206,2.37956,1.634949,0.396621,0.728229,0.21588,0.018225,0.027201,0.187297,0.41367,5.673189,0.862273,7.263691
2016 January,1.213542,2.357191,1.630783,0.380932,0.758464,0.236949,0.019091,0.026946,0.172694,0.405601,5.582448,0.86128,7.202192
2016 February,1.147867,2.241849,1.517778,0.359121,0.686444,0.225051,0.017817,0.037708,0.188277,0.382885,5.266614,0.851738,6.804796
2016 March,1.106948,2.355627,1.627352,0.404676,0.691785,0.251845,0.018987,0.045164,0.204825,0.402873,5.494603,0.923695,7.110083
2016 April,0.962782,2.266878,1.53586,0.390994,0.652214,0.237405,0.017688,0.049638,0.193321,0.377001,5.156514,0.875052,6.683781
2016 May,1.060888,2.331231,1.575574,0.414363,0.696257,0.236352,0.019133,0.058012,0.175155,0.398216,5.382057,0.886868,6.965181
2016 June,1.18925,2.225323,1.495345,0.403732,0.70252,0.213425,0.017913,0.058663,0.152071,0.402584,5.313649,0.844656,6.860825
2016 July,1.238434,2.292324,1.541617,0.412005,0.735713,0.197999,0.01865,0.064135,0.163964,0.411574,5.48438,0.856322,7.076415
2016 August,1.366828,2.322425,1.553661,0.392006,0.748023,0.180407,0.018831,0.061967,0.126371,0.416092,5.63492,0.803669,7.186612
2016 September,1.301745,2.23291,1.470581,0.381717,0.684457,0.151722,0.018723,0.05681,0.153115,0.392462,5.386953,0.772831,6.844242
2016 October,1.374321,2.271047,1.558325,0.408341,0.635149,0.160743,0.019255,0.049953,0.189925,0.398828,5.612033,0.818703,7.065885
2016 November,1.344108,2.230357,1.5214,0.401526,0.68164,0.175335,0.019245,0.041581,0.18025,0.400665,5.49739,0.817077,6.996107
2016 December,1.271131,2.284684,1.557448,0.385675,0.749446,0.210031,0.020475,0.036521,0.214253,0.427014,5.498938,0.908294,7.156678
2017 January,1.36943,2.27308,1.571241,0.388029,0.764695,0.258177,0.019749,0.03595,0.189638,0.416442,5.601781,0.919956,7.286433
2017 February,1.288023,2.079516,1.454017,0.375422,0.669864,0.229352,0.017632,0.041091,0.202144,0.375733,5.196979,0.865952,6.732795
2017 March,1.287248,2.291912,1.615448,0.42026,0.680745,0.281415,0.019676,0.065959,0.238556,0.41697,5.614867,1.022577,7.318188
2017 April,1.203957,2.225361,1.559145,0.405443,0.593422,0.272454,0.019221,0.071658,0.236731,0.388277,5.393905,0.988341,6.975669